plex_guid,file_path,media_type,title,status,detail,matched_media_id,matched_slug,sidecar_path,event_count
imdb://tt0407304,F:\MediaStack\data\media\movies\War of the Worlds (2025)\War of the Worlds (2025) [Bluray-1080p] {imdb-tt13186306}.mp4,movie,War of the Worlds,unmatched,ambiguous movie title match,,,,0
imdb://tt0065126,F:\MediaStack\data\media\movies\True Grit (1969)\True Grit (1969) [Bluray-1080p Proper] {imdb-tt0065126}.mkv,movie,True Grit,unmatched,ambiguous movie title match,,,,0
imdb://tt1403865,F:\MediaStack\data\media\movies\True Grit (2010)\True Grit (2010) [Bluray-1080p] {imdb-tt1403865}.mkv,movie,True Grit,unmatched,ambiguous movie title match,,,,0
imdb://tt0100802,F:\MediaStack\data\media\movies\Total Recall (1990)\Total Recall (1990) [Bluray-1080p] {imdb-tt0100802}.mp4,movie,Total Recall,unmatched,ambiguous movie title match,,,,0
imdb://tt1386703,F:\MediaStack\data\media\movies\Total Recall (2012)\Total Recall (2012) [Bluray-1080p] {imdb-tt1386703}.Clean.mp4,movie,Total Recall,unmatched,ambiguous movie title match,,,,0
imdb://tt0084787,F:\MediaStack\data\media\movies\The Thing (1982)\The Thing (1982) [Bluray-1080p] {imdb-tt0084787}.mkv,movie,The Thing,unmatched,ambiguous movie title match,,,,0
imdb://tt0117571,F:\MediaStack\data\media\movies\Scream (1996)\Scream (1996) [Bluray-1080p] {imdb-tt0117571}.mkv,movie,Scream,unmatched,ambiguous movie title match,,,,0
imdb://tt0093894,F:\MediaStack\data\media\movies\The Running Man (1987)\The Running Man (1987) [Bluray-1080p] {imdb-tt0093894}.mkv,movie,The Running Man,unmatched,ambiguous movie title match,,,,0
imdb://tt14107334,F:\MediaStack\data\media\movies\The Running Man (2025)\The Running Man (2025) [Bluray-1080p] {imdb-tt14107334}.mkv,movie,The Running Man,unmatched,ambiguous movie title match,,,,0
imdb://tt1979320,F:\MediaStack\data\media\movies\Rush (2013)\Rush (2013) [Bluray-1080p] {imdb-tt1979320}.mkv,movie,Rush,unmatched,ambiguous movie title match,,,,0
imdb://tt0047437,F:\MediaStack\data\media\movies\Sabrina (1954)\Sabrina (1954) [Bluray-1080p] {imdb-tt0047437}.mkv,movie,Sabrina,unmatched,ambiguous movie title match,,,,0
imdb://tt0114319,F:\MediaStack\data\media\movies\Sabrina (1995)\Sabrina (1995) [Bluray-1080p] {imdb-tt0114319}.mkv,movie,Sabrina,unmatched,ambiguous movie title match,,,,0
imdb://tt0087985,F:\MediaStack\data\media\movies\Red Dawn (1984)\Red Dawn (1984) [Bluray-1080p] {imdb-tt0087985}.mp4,movie,Red Dawn,unmatched,ambiguous movie title match,,,,0
imdb://tt0120784,F:\MediaStack\data\media\movies\Payback (1999)\Payback (1999) [Bluray-1080p] {imdb-tt0120784}.mkv,movie,Payback,unmatched,ambiguous movie title match,,,,0
imdb://tt0093693,F:\MediaStack\data\media\movies\Overboard (1987)\Overboard (1987) [Bluray-1080p] {imdb-tt0093693}.mkv,movie,Overboard,unmatched,ambiguous movie title match,,,,0
imdb://tt0377092,F:\MediaStack\data\media\movies\Mean Girls (2004)\Mean Girls (2004) [Bluray-1080p] {imdb-tt0377092}.mkv,movie,Mean Girls,unmatched,ambiguous movie title match,,,,0
imdb://tt0110367,F:\MediaStack\data\media\movies\Little Women (1994)\Little Women (1994) [Bluray-1080p] {imdb-tt0110367}.mkv,movie,Little Women,unmatched,ambiguous movie title match,,,,0
imdb://tt3281548,F:\MediaStack\data\media\movies\Little Women (2019)\Little Women (2019) [Bluray-1080p] {imdb-tt3281548}.mkv,movie,Little Women,unmatched,ambiguous movie title match,,,,0
imdb://tt5442430,F:\MediaStack\data\media\movies\Life (2017)\Life (2017) [Bluray-1080p] {imdb-tt5442430}.mkv,movie,Life,unmatched,ambiguous movie title match,,,,0
imdb://tt0360717,F:\MediaStack\data\media\movies\King Kong (2005)\King Kong (2005) [Bluray-1080p] {imdb-tt0360717}.mkv,movie,King Kong,unmatched,ambiguous movie title match,,,,0
imdb://tt0087538,F:\MediaStack\data\media\movies\The Karate Kid (1984)\The Karate Kid (1984) [Bluray-1080p] {imdb-tt0087538}.mkv,movie,The Karate Kid,unmatched,ambiguous movie title match,,,,0
imdb://tt0892769,F:\MediaStack\data\media\movies\How to Train Your Dragon (2010)\How to Train Your Dragon (2010) [Bluray-1080p] {imdb-tt0892769}.mkv,movie,How to Train Your Dragon,unmatched,ambiguous movie title match,,,,0
imdb://tt26743210,F:\MediaStack\data\media\movies\How to Train Your Dragon (2025)\How to Train Your Dragon (2025) [Bluray-1080p] {imdb-tt26743210}.mkv,movie,How to Train Your Dragon,unmatched,ambiguous movie title match,,,,0
imdb://tt0087277,F:\MediaStack\data\media\movies\Footloose (1984)\Footloose (1984) [Bluray-1080p] {imdb-tt0087277}.mkv,movie,Footloose,unmatched,ambiguous movie title match,,,,0
imdb://tt1068242,F:\MediaStack\data\media\movies\Footloose (2011)\Footloose (2011) [Bluray-1080p Proper] {imdb-tt1068242}.mkv,movie,Footloose,unmatched,ambiguous movie title match,,,,0
imdb://tt5886046,F:\MediaStack\data\media\movies\Escape Room (2019)\Escape Room (2019) [Bluray-1080p Proper] {imdb-tt5886046}.mkv,movie,Escape Room,unmatched,ambiguous movie title match,,,,0
imdb://tt0082198,F:\MediaStack\data\media\movies\Conan the Barbarian (1982)\Conan the Barbarian (1982) [Bluray-1080p] {imdb-tt0082198}.mkv,movie,Conan the Barbarian,unmatched,ambiguous movie title match,,,,0
imdb://tt0112442,F:\MediaStack\data\media\movies\Bad Boys (1995)\Bad Boys (1995) [Bluray-1080p] {imdb-tt0112442}.mkv,movie,Bad Boys,unmatched,ambiguous movie title match,,,,0
imdb://tt0083564,F:\MediaStack\data\media\movies\Annie (1982)\Annie (1982) [Bluray-1080p] {imdb-tt0083564}.mkv,movie,Annie,unmatched,ambiguous movie title match,,,,0
imdb://tt1823664,F:\MediaStack\data\media\movies\Annie (2014)\Annie (2014) [Bluray-1080p] {imdb-tt1823664}.mp4,movie,Annie,unmatched,ambiguous movie title match,,,,0
imdb://tt16419074,F:\MediaStack\data\media\movies\Air (2023)\Air (2023) [Bluray-1080p] {imdb-tt16419074}.mkv,movie,Air,unmatched,ambiguous movie title match,,,,0
