show_title,show_slug,service_slug,year,rating,season_count,episode_count,event_count,category_count,tag_set_count
#blackAF,blackaf-1d0ed,netflix,2020,TV-MA,1,8,958,5,8
007: Road to a Million,007-road-to-a-million-e4aba,amazon-prime,2023,TV-MA,2,16,600,3,16
13 Reasons Why,13-reasons-why-dba5a,netflix,2017,TV-MA,4,49,5781,5,49
1670,1670-076f4,netflix,2023,TV-MA,1,8,373,5,8
1883,1883-2a925,paramount,2021,TV-MA,1,10,595,4,10
1899,1899-e601c,netflix,2022,TV-MA,1,8,301,4,8
1923,1923-93a67,paramount,2022,TV-MA,2,15,1124,5,15
3 Body Problem,3-body-problem-3e7c9,netflix,2024,TV-MA,1,8,428,5,8
3%,3-da15a,netflix,2016,TV-MA,4,33,2008,5,33
50M²,50m2-28b46,netflix,2021,TV-MA,1,8,425,4,8
56 Days,56-days-70af3,amazon-prime,2026,TV-MA,1,8,752,5,8
A Discovery of Witches,a-discovery-of-witches-84cbf,netflix,2018,TV-MA,3,25,758,4,25
A Gentleman in Moscow,a-gentleman-in-moscow-3e9bf,amazon-channels-paramount,2024,TV-14,1,8,311,5,8
A Girl and an Astronaut,a-girl-and-an-astronaut-b7a32,netflix,2023,TV-MA,1,6,296,5,6
A Good Girl's Guide to Murder,a-good-girls-guide-to-murder-ded51,netflix,2024,TV-MA,1,6,299,5,6
A Killer Uncaged,a-killer-uncaged-40e51,netflix,2020,TV-MA,1,3,45,4,3
A League of Their Own,a-league-of-their-own-27667,amazon-prime,2022,TV-MA,1,8,446,4,8
A Man in Full,a-man-in-full-428c2,netflix,2024,TV-MA,1,6,490,4,6
A Man on the Inside,a-man-on-the-inside-757ff,netflix,2024,TV-14,2,16,448,5,16
A Nearly Normal Family,a-nearly-normal-family-16477,netflix,2023,TV-MA,1,6,204,5,6
A Perfect Story,a-perfect-story-2b9e6,netflix,2023,TV-MA,1,5,341,3,5
A Series of Unfortunate Events,a-series-of-unfortunate-events-b4672,netflix,2017,TV-PG,3,25,1073,5,25
A Spy Among Friends,a-spy-among-friends-8c4bb,amazon-channels-mgm,2022,TV-MA,1,6,252,5,6
A Storm for Christmas,a-storm-for-christmas-ef593,netflix,2022,TV-MA,1,6,199,4,6
A Thousand Tomorrows,a-thousand-tomorrows-5a234,netflix,2023,TV-PG,1,6,114,5,6
A Very British Scandal,a-very-british-scandal-9be96,amazon-prime,2021,TV-MA,1,3,199,4,3
A Very English Scandal,a-very-english-scandal-5585a,amazon-prime,2018,TV-14,1,3,264,5,3
A Very Royal Scandal,a-very-royal-scandal-fb427,amazon-prime,2024,TV-MA,1,3,232,4,3
A.P. Bio,ap-bio-5cb50,peacock,2018,TV-14,4,42,1779,5,42
Absentia,absentia-afc0a,netflix,2017,TV-MA,3,30,1492,5,30
Abyss,abyss-2d332,netflix,2019,TV-14,1,16,730,5,16
Acapulco,acapulco-cb899,appletv,2021,TV-14,4,40,1864,5,40
Adolescence,adolescence-4f76e,netflix,2025,TV-MA,1,4,280,4,4
After Life,after-life-a75e3,netflix,2019,TV-MA,3,18,1067,5,18
Agatha Christie's Poirot,agatha-christies-poirot-78f00,amazon-channels-britbox,1989,TV-14,2,20,544,5,20
Agatha Christie's Seven Dials,agatha-christies-seven-dials-1999d,netflix,2026,TV-14,1,3,78,5,3
Age of Attraction,age-of-attraction-fea5b,netflix,2026,TV-MA,1,8,954,4,8
Agent Elvis,agent-elvis-3c4af,netflix,2023,TV-MA,1,10,1468,5,10
Alex Rider,alex-rider-ff71c,amazon-prime,2020,TV-14,3,24,627,5,24
Alexa & Katie,alexa-katie-b1e17,netflix,2018,TV-G,1,13,240,5,13
Alexander: The Making of a God,alexander-the-making-of-a-god-ceecf,netflix,2024,TV-14,1,6,193,5,6
Alias Grace,alias-grace-72b5a,netflix,2017,TV-MA,1,6,204,5,6
Alice in Borderland,alice-in-borderland-213e5,netflix,2020,TV-MA,3,22,1731,5,22
Alien TV,alien-tv-5e565,netflix,2020,TV-Y7,2,26,855,4,26
All Creatures Great & Small,all-creatures-great-small-da9b1,amazon-channels-pbs,2020,TV-14,6,42,1468,5,42
All Her Fault,all-her-fault-4ca4e,peacock,2025,TV-MA,1,8,373,5,8
All of Us Are Dead,all-of-us-are-dead-f6d1b,netflix,2022,TV-MA,1,12,1401,5,12
All or Nothing: Arsenal,all-or-nothing-arsenal-4ad6e,amazon-prime,2022,TV-MA,1,8,326,4,8
All or Nothing: Manchester City,all-or-nothing-manchester-city-061be,amazon-prime,2018,TV-MA,1,8,222,4,8
All or Nothing: Tottenham Hotspur,all-or-nothing-tottenham-hotspur-18a44,amazon-prime,2020,TV-MA,1,9,286,3,9
All the Light We Cannot See,all-the-light-we-cannot-see-3c058,netflix,2023,TV-MA,1,4,127,4,4
Almost Paradise,almost-paradise-17ec0,amazon-prime,2020,TV-PG,2,20,1310,5,20
Alpha House,alpha-house-feea8,amazon-prime,2013,TV-MA,2,21,944,5,21
Altered Carbon,altered-carbon-e94d8,netflix,2018,TV-MA,2,18,2198,5,18
Always a Witch,always-a-witch-81044,netflix,2019,TV-14,2,18,778,5,18
America's Team: The Gambler and His Cowboys,americas-team-the-gambler-and-his-cowboys-1db06,netflix,2025,TV-MA,1,8,464,4,8
American Conspiracy: The Octopus Murders,american-conspiracy-the-octopus-murders-cc66d,netflix,2024,TV-MA,1,4,88,4,4
American Gods,american-gods-b3bdf,amazon-prime,2017,TV-MA,3,26,2774,5,26
American Gothic,american-gothic-4ad13,amazon,2016,TV-14,1,13,454,5,13
American Manhunt: Osama bin Laden,american-manhunt-osama-bin-laden-c8c32,netflix,2025,TV-MA,1,3,101,3,3
American Manhunt: The Boston Marathon Bombing,american-manhunt-the-boston-marathon-bombing-4952d,netflix,2023,TV-MA,1,3,131,4,3
American Murder: Gabby Petito,american-murder-gabby-petito-17881,netflix,2025,TV-MA,1,3,62,4,3
American Murder: Laci Peterson,american-murder-laci-peterson-bc7ae,netflix,2024,TV-14,1,3,43,5,3
American Nightmare,american-nightmare-a718b,netflix,2024,TV-MA,1,3,112,5,3
American Primeval,american-primeval-b86f9,netflix,2025,TV-MA,1,6,456,5,6
American Rust,american-rust-c631b,amazon-prime,2021,TV-MA,2,19,1677,5,19
American Vandal,american-vandal-6d8cb,netflix,2017,TV-MA,2,16,1937,5,16
Amsterdam Empire,amsterdam-empire-4b8e0,netflix,2025,TV-MA,1,7,990,5,7
Amy Bradley Is Missing,amy-bradley-is-missing-dfb04,netflix,2025,TV-14,1,3,94,5,3
Anatomy of a Scandal,anatomy-of-a-scandal-17cd1,netflix,2022,TV-MA,1,6,399,5,6
Ancient Apocalypse,ancient-apocalypse-5b4ea,netflix,2022,TV-MA,1,8,62,4,8
Animated Stories from the New Testament,animated-stories-from-the-new-testament-74952,vidangel,1987,NR,1,24,286,5,24
Anne with an E,anne-with-an-e-11e64,netflix,2017,TV-PG,3,27,881,5,27
Another Life,another-life-b31fd,netflix,2019,TV-MA,2,20,1298,5,20
Anxious People,anxious-people-64164,netflix,2021,TV-MA,1,6,221,4,6
Apple Cider Vinegar,apple-cider-vinegar-6ffa2,netflix,2025,TV-MA,1,6,639,5,6
Apples Never Fall,apples-never-fall-510fe,peacock,2024,TV-MA,1,7,411,5,7
Arcane,arcane-ab321,netflix,2021,TV-14,2,18,1345,5,18
Archie: The Man Who Became Cary Grant,archie-the-man-who-became-cary-grant-325c1,amazon-channels-britbox,2023,TV-MA,1,4,127,5,4
Archive 81,archive-81-e3dd5,netflix,2022,TV-MA,1,8,508,4,8
ARK: The Animated Series,ark-the-animated-series-bb3d4,amazon-channels-paramount,2024,TV-14,1,6,381,5,6
Arnold,arnold-4002e,netflix,2023,TV-MA,1,3,331,4,3
As We See It,as-we-see-it-7a053,amazon-prime,2022,TV-14,1,8,327,5,8
"Ashley Madison: Sex, Lies & Scandal",ashley-madison-sex-lies-scandal-4b321,netflix,2024,TV-MA,1,3,223,4,3
Atypical,atypical-50835,netflix,2017,TV-14,4,38,1294,5,38
Avatar the Last Airbender,avatar-the-last-airbender-da32b,netflix,2024,TV-PG,1,8,306,4,8
Avatar: The Last Airbender,avatar-the-last-airbender-b0f39,netflix,2005,TV-Y7,3,54,1562,5,54
Away,away-160c1,netflix,2020,TV-14,1,10,226,5,10
B: The Beginning,b-the-beginning-3ed50,netflix,2018,TV-MA,1,12,456,5,12
Baby Reindeer,baby-reindeer-eb61c,netflix,2024,TV-MA,1,7,619,5,7
Back to 15,back-to-15-85873,netflix,2022,TV-14,1,6,204,5,6
Bad Influence: The Dark Side of Kidfluencing,bad-influence-the-dark-side-of-kidfluencing-8852b,netflix,2025,TV-MA,1,3,161,5,3
Bad Surgeon: Love Under the Knife,bad-surgeon-love-under-the-knife-6db41,netflix,2023,TV-MA,1,3,109,4,3
Bad Thoughts,bad-thoughts-cb156,netflix,2025,TV-MA,1,6,684,5,6
Bad Vegan: Fame. Fraud. Fugitives.,bad-vegan-fame-fraud-fugitives-545ec,netflix,2022,TV-MA,1,4,203,4,4
Ballard,ballard-18acb,amazon-prime,2025,TV-MA,1,10,444,4,10
Barbarians,barbarians-be525,netflix,2020,TV-MA,2,12,692,5,12
Based on a True Story,based-on-a-true-story-b8b7d,peacock,2023,TV-MA,2,16,1780,5,16
Battlestar Galactica,battlestar-galactica-2d0eb,amazon,2004,TV-14,4,73,4664,5,73
Beacon 23,beacon-23-4ef47,amazon-channels-mgm,2023,TV-MA,1,8,341,5,8
Beast Games,beast-games-77143,amazon-prime,2024,TV-PG,2,20,751,5,20
Beauty in Black,beauty-in-black-5bf6c,netflix,2024,TV-MA,2,32,8801,5,32
Beckham,beckham-2e6fa,netflix,2023,TV-MA,1,4,241,5,4
BEEF,beef-d1c1d,netflix,2023,TV-MA,2,18,1699,5,18
Before,before-f9057,appletv,2024,TV-MA,1,10,321,5,10
Behind Her Eyes,behind-her-eyes-7022d,netflix,2021,TV-MA,1,6,374,5,6
Being Erica,being-erica-8c079,amazon-prime,2009,TV-14,3,38,2572,5,38
Bel-Air,bel-air-afea9,peacock,2022,TV-MA,4,38,3669,5,38
Berlin,berlin-44d8a,netflix,2023,TV-MA,1,8,536,5,8
Best Foot Forward,best-foot-forward-d1d3f,appletv,2022,TV-G,1,10,87,4,10
Better Call Saul,better-call-saul-1bcf9,netflix,2015,TV-MA,6,63,1752,5,63
Better Than Us,better-than-us-52fd8,netflix,2018,TV-MA,1,16,720,5,16
Between,between-c6e87,netflix,2015,TV-14,2,12,629,5,12
Big Mistakes,big-mistakes-66d2c,netflix,2026,TV-MA,1,8,726,5,8
Bill Russell: Legend,bill-russell-legend-4fea2,netflix,2023,TV-MA,1,2,68,4,2
Billionaires' Bunker,billionaires-bunker-c4118,netflix,2025,TV-MA,1,8,672,5,8
Billions,billions-6b46e,paramount,2016,TV-MA,7,84,6541,5,84
Billy the Kid,billy-the-kid-0f78d,amazon-channels-mgm,2022,TV-MA,3,24,1509,5,24
Biohackers,biohackers-ae046,netflix,2020,TV-MA,1,6,285,5,6
Black Bird,black-bird-f6fac,appletv,2022,TV-MA,1,6,515,5,6
Black Butterflies,black-butterflies-50072,netflix,2022,TV-MA,1,6,573,5,6
Black Doves,black-doves-8123a,netflix,2024,TV-MA,1,6,509,5,6
Black Knight,black-knight-74d65,netflix,2023,TV-MA,1,6,420,4,6
Black Mirror,black-mirror-b3cec,netflix,2011,TV-MA,7,33,3902,5,33
Black Rabbit,black-rabbit-ca467,netflix,2025,TV-MA,1,8,1610,5,8
Black Sails,black-sails-75347,amazon-channels-starz,2014,TV-MA,4,38,3654,5,38
Black Snow,black-snow-38dfe,amazon-channels-amc,2023,TV-MA,2,12,705,5,12
Black Summer,black-summer-5c0c7,netflix,2019,TV-MA,2,16,1313,5,16
Blockbuster,blockbuster-dc687,netflix,2022,TV-14,1,10,310,5,10
Blood & Treasure,blood-treasure-f78c9,amazon-channels-paramount,2019,TV-14,2,25,1350,5,25
Blood & Water,blood-water-babc4,netflix,2020,TV-MA,4,25,2379,5,25
Blood Coast,blood-coast-dbbd7,netflix,2023,TV-MA,2,12,1301,5,12
Blood of Zeus,blood-of-zeus-f0f1d,netflix,2020,TV-MA,2,16,1075,4,16
Bloodhounds,bloodhounds-17078,netflix,2023,TV-MA,1,8,931,5,8
Bloodline,bloodline-42ad3,netflix,2015,TV-MA,3,33,3231,5,33
Blue Bloods,blue-bloods-21738,paramount,2010,TV-14,14,293,10810,5,293
BLUE EYE SAMURAI,blue-eye-samurai-ee4a2,netflix,2023,TV-MA,1,8,669,5,8
Blue Lights,blue-lights-4ecbe,amazon-channels-britbox,2023,TV-MA,3,18,1238,5,18
Blue Mountain State,blue-mountain-state-ba830,amazon-prime,2010,TV-MA,1,13,1717,5,13
Bobby Kennedy for President,bobby-kennedy-for-president-aa00a,netflix,2018,TV-MA,1,4,107,5,4
Bodies,bodies-671ca,netflix,2023,TV-MA,1,8,425,5,8
Bodkin,bodkin-bf408,netflix,2024,TV-MA,1,7,708,5,7
Bodyguard,bodyguard-7b659,netflix,2018,TV-MA,1,6,290,4,6
BoJack Horseman,bojack-horseman-97404,netflix,2014,TV-MA,6,76,4032,5,76
Boots,boots-02b65,netflix,2025,TV-MA,1,8,1018,5,8
Borgen,borgen-5b5ac,netflix,2010,TV-MA,1,10,617,5,10
Bosch,bosch-fa99a,amazon-prime,2015,TV-MA,7,68,4196,5,68
Bosch: Legacy,bosch-legacy-d2bf0,amazon-prime,2022,TV-14,3,30,1670,5,30
Boston Blue,boston-blue-47d0b,paramount,2025,TV-14,1,20,877,5,20
Boy Swallows Universe,boy-swallows-universe-15058,netflix,2024,TV-MA,1,7,794,5,7
Break Point,break-point-a9332,netflix,2023,TV-MA,2,16,474,4,16
Breaking Bad,breaking-bad-8185c,netflix,2008,TV-14,5,62,2713,5,62
Bridgerton,bridgerton-d9820,netflix,2020,TV-MA,4,32,3176,5,32
Britannia,britannia-1e865,amazon-channels-mgm,2018,TV-MA,3,27,2101,5,27
Broadchurch,broadchurch-869ec,netflix,2013,TV-14,3,24,1106,5,24
Broken,broken-33159,amazon-channels-britbox,2017,TV-MA,1,6,298,5,6
Brooklyn Nine-Nine,brooklyn-nine-nine-da345,peacock,2013,TV-14,8,153,5681,5,153
Brotherhood,brotherhood-5d62f,netflix,2019,TV-MA,1,8,1149,5,8
Brotherhood,brotherhood-ceefc,amazon-channels-paramount,2006,TV-MA,1,11,1305,5,11
Bull,bull-f8054,amazon-channels-paramount,2016,TV-14,6,125,2766,5,125
Bupkis,bupkis-32ec3,peacock,2023,TV-MA,1,8,860,5,8
Butterfly,butterfly-f8cfc,amazon-prime,2025,TV-MA,1,6,295,4,6
Cable Girls,cable-girls-80634,netflix,2017,TV-MA,6,42,1189,5,42
Call the Midwife,call-the-midwife-7230b,netflix,2012,TV-MA,14,127,4387,5,127
Calls,calls-3b2bd,appletv,2021,TV-MA,1,9,376,3,9
Can You Keep a Secret?,can-you-keep-a-secret-47669,paramount,2026,TV-MA,1,6,242,4,6
Capitani,capitani-9ad1a,netflix,2019,TV-MA,2,24,936,5,24
Captains of the World,captains-of-the-world-2cfa1,netflix,2023,TV-MA,1,6,114,3,6
Carnival Row,carnival-row-680ae,amazon-prime,2019,TV-MA,2,18,1600,5,18
Carême,careme-00113,appletv,2025,TV-MA,1,8,559,5,8
Cassandra,cassandra-17bdf,netflix,2025,TV-MA,1,6,311,5,6
Castlevania,castlevania-0f04b,netflix,2017,TV-MA,4,32,1638,4,32
Castlevania: Nocturne,castlevania-nocturne-de6e9,netflix,2023,TV-MA,2,16,1173,4,16
Catastrophe,catastrophe-46be4,amazon-prime,2015,TV-MA,4,24,1928,5,24
Caught,caught-c3358,netflix,2025,TV-MA,1,6,348,5,6
Cheer,cheer-86057,netflix,2020,TV-MA,2,15,745,5,15
Chef's Table,chefs-table-42b8f,netflix,2015,TV-MA,6,30,354,5,30
Chicago Fire,chicago-fire-e6efd,peacock,2012,TV-14,3,69,4060,5,69
Chicago Med,chicago-med-5750e,peacock,2015,TV-14,4,83,3792,5,83
Chicago P.D.,chicago-pd-fccb6,amazon-prime,2014,TV-14,13,264,16233,5,264
Chief of War,chief-of-war-983f4,appletv,2025,TV-MA,1,9,1140,5,9
Chloe,chloe-09408,amazon-prime,2022,TV-MA,1,6,321,5,6
CIA,cia-c063a,paramount,2026,TV-14,1,12,425,5,12
Citadel,citadel-de592,amazon-prime,2023,TV-14,2,13,1312,5,13
Citadel Honey Bunny,citadel-honey-bunny-0f8f1,amazon-prime,2024,TV-MA,1,6,403,4,6
Citadel: Diana,citadel-diana-687e4,amazon-prime,2024,TV-14,1,6,239,5,6
City on a Hill,city-on-a-hill-f90ec,amazon-prime,2019,TV-MA,2,18,2720,5,18
City on Fire,city-on-fire-67506,appletv,2023,TV-MA,1,8,862,5,8
Clark,clark-32314,netflix,2022,TV-MA,1,6,1680,5,6
Clarkson's Farm,clarksons-farm-6f4e9,amazon-prime,2021,TV-MA,4,32,1990,4,32
Class of '07,class-of-07-e1f88,amazon-prime,2023,TV-MA,1,8,958,5,8
Classified,classified-90ab3,amazon-prime,2023,TV-14,1,8,592,5,8
Clickbait,clickbait-5478c,netflix,2021,TV-MA,1,8,439,5,8
Coach Prime,coach-prime-bfc80,amazon-prime,2022,TV-MA,3,15,480,4,15
Cobra Kai,cobra-kai-5962d,netflix,2018,TV-14,6,65,4417,5,65
Code of Silence,code-of-silence-85e29,amazon-channels-britbox,2025,TV-MA,1,6,143,4,6
Coldwater,coldwater-30caf,paramount,2025,TV-MA,1,6,451,4,6
Colin from Accounts,colin-from-accounts-7473e,paramount,2022,TV-MA,2,16,1358,5,16
Collateral,collateral-34b67,netflix,2018,TV-MA,1,4,173,4,4
Colony,colony-795e6,amazon-prime,2016,TV-14,3,36,1432,5,36
Community,community-056e9,peacock,2009,TV-14,6,110,4115,5,110
Condor,condor-d651e,amazon-channels-mgm,2018,TV-MA,2,20,1408,5,20
Constellation,constellation-7d331,appletv,2024,TV-MA,1,8,366,4,8
Continuum,continuum-ff2e5,amazon-prime,2012,TV-14,4,42,2003,5,42
Control Z,control-z-2b813,netflix,2020,TV-MA,3,24,2833,5,24
Conversations with a Killer: The Jeffrey Dahmer Tapes,conversations-with-a-killer-the-jeffrey-dahmer-tapes-b70b4,netflix,2022,TV-MA,1,3,142,5,3
Conversations with a Killer: The John Wayne Gacy Tapes,conversations-with-a-killer-the-john-wayne-gacy-tapes-bf004,netflix,2022,TV-MA,1,3,287,5,3
Conversations with a Killer: The Son of Sam Tapes,conversations-with-a-killer-the-son-of-sam-tapes-58a61,netflix,2025,TV-MA,1,3,117,5,3
Conversations with a Killer: The Ted Bundy Tapes,conversations-with-a-killer-the-ted-bundy-tapes-ff34f,netflix,2019,TV-MA,1,4,170,5,4
Countdown,countdown-50ac2,amazon-prime,2025,TV-MA,1,13,825,5,13
Country Comfort,country-comfort-9204c,netflix,2021,TV-PG,1,10,308,5,10
Court of Gold,court-of-gold-6cc6d,netflix,2025,TV-MA,1,6,184,3,6
Cowboy Bebop,cowboy-bebop-1a5a1,netflix,2021,TV-MA,1,10,1242,5,10
Crashing,crashing-0e123,netflix,2016,TV-MA,1,6,543,4,6
Crime,crime-6193c,amazon-channels-britbox,2021,TV-MA,1,6,657,5,6
Crime Scene: The Texas Killing Fields,crime-scene-the-texas-killing-fields-f060c,netflix,2022,TV-MA,1,3,82,5,3
Crime Scene: The Vanishing at the Cecil Hotel,crime-scene-the-vanishing-at-the-cecil-hotel-331e5,netflix,2021,TV-MA,1,4,121,5,4
Criminal Code,criminal-code-60b48,netflix,2023,TV-MA,2,16,2237,5,16
Criminal Record,criminal-record-cce0b,appletv,2024,TV-MA,2,13,866,5,13
Criminal: UK,criminal-uk-aaa22,netflix,2019,TV-MA,2,7,166,3,7
Cross,cross-8cf66,amazon-prime,2024,TV-MA,2,16,1721,5,16
Cruel Intentions,cruel-intentions-19591,amazon-prime,2024,TV-MA,1,8,1026,5,8
Crutch,crutch-9f8d0,paramount,2025,TV-MA,1,8,193,4,8
CSI: Vegas,csi-vegas-949a5,amazon-channels-paramount,2021,TV-14,3,41,2516,5,41
Cunk on...,cunk-on-8871f,netflix,2022,TV-MA,1,5,202,4,5
Curon,curon-ed0e3,netflix,2020,TV-MA,1,7,510,5,7
Cursed,cursed-3b36f,netflix,2020,TV-MA,1,10,681,5,10
Curses!,curses-944f0,appletv,2023,TV-G,1,10,184,2,10
Cyberpunk: Edgerunners,cyberpunk-edgerunners-8ce26,netflix,2022,TV-MA,1,10,984,5,10
D.B. Cooper: Where Are You?!,db-cooper-where-are-you-35487,netflix,2022,TV-14,1,4,80,5,4
Dad Stop Embarrassing Me!,dad-stop-embarrassing-me-9ee3e,netflix,2021,TV-14,1,8,502,5,8
DAHMER - Monster: The Jeffrey Dahmer Story,dahmer-monster-the-jeffrey-dahmer-story-bfb97,netflix,2022,TV-MA,1,10,731,5,10
Daisy Jones & the Six,daisy-jones-the-six-25a5d,amazon-prime,2023,TV-MA,1,10,962,5,10
Dan Da Dan,dan-da-dan-1d263,netflix,2024,TV-MA,2,24,1727,4,24
Dancing for the Devil: The 7M TikTok Cult,dancing-for-the-devil-the-7m-tiktok-cult-1c9fd,netflix,2024,TV-MA,1,3,122,4,3
Dark,dark-e1bbf,netflix,2017,TV-MA,3,26,1041,5,26
Dark Matter,dark-matter-d4647,appletv,2024,TV-MA,1,9,473,5,9
Dark Winds,dark-winds-a4f11,netflix,2022,TV-MA,4,28,1045,5,28
Dark/Web,darkweb-c9c74,amazon-prime,2019,TV-MA,1,8,632,5,8
Dash & Lily,dash-lily-7e39f,netflix,2020,TV-PG,1,8,253,5,8
Dave Chappelle: Equanimity & The Bird Revelation,dave-chappelle-equanimity-the-bird-revelation-13a76,netflix,2017,TV-MA,1,2,515,4,2
Dawson's Creek,dawsons-creek-cfd17,netflix,1998,TV-14,3,58,3277,5,58
Daybreak,daybreak-51436,netflix,2019,TV-MA,1,10,1191,5,10
Dead End,dead-end-e0cbf,netflix,2022,TV-MA,1,6,442,5,6
Dead Places,dead-places-a99b6,amazon-prime,2021,TV-14,1,8,469,5,8
Dead Ringers,dead-ringers-f814d,amazon-prime,2023,TV-MA,1,6,981,5,6
Dead to Me,dead-to-me-8e012,netflix,2019,TV-MA,3,30,1878,5,30
Deadloch,deadloch-38ad5,amazon-prime,2023,TV-MA,1,8,1714,5,8
Dear Child,dear-child-144d3,netflix,2023,TV-MA,1,6,160,5,6
Dear Edward,dear-edward-168cc,appletv,2023,TV-MA,1,10,437,5,10
Dear White People,dear-white-people-85ddf,netflix,2017,TV-MA,4,40,2808,5,40
Death by Lightning,death-by-lightning-b5444,netflix,2025,TV-MA,1,4,276,4,4
Death in Paradise,death-in-paradise-5a703,amazon-prime,2011,TV-14,1,8,397,5,8
Defending Jacob,defending-jacob-b2ee0,appletv,2020,TV-MA,1,8,352,5,8
Defiance,defiance-23f6e,amazon,2013,TV-14,1,12,923,5,12
Delete,delete-150e3,netflix,2023,TV-MA,1,8,193,5,8
Delicious in Dungeon,delicious-in-dungeon-1c63d,netflix,2024,TV-MA,1,24,964,4,24
Demon Slayer: Kimetsu no Yaiba,demon-slayer-kimetsu-no-yaiba-cb15f,netflix,2019,TV-14,5,63,3324,5,63
Depp V Heard,depp-v-heard-bf9ed,netflix,2023,TV-MA,1,3,166,5,3
Dept. Q,dept-q-238d4,netflix,2025,TV-MA,1,9,880,5,9
Derek,derek-b1a5c,netflix,2013,TV-MA,3,14,620,5,14
Derry Girls,derry-girls-564b8,netflix,2018,TV-MA,3,19,1438,5,19
Detective Forst,detective-forst-f8605,netflix,2024,TV-MA,1,6,408,5,6
Detective Hole,detective-hole-356db,netflix,2026,TV-MA,1,9,781,5,9
Detectorists,detectorists-9a6de,amazon-prime,2014,TV-14,3,19,512,5,19
Detroiters,detroiters-fec8c,netflix,2017,TV-MA,1,10,466,5,10
Devil in Disguise: John Wayne Gacy,devil-in-disguise-john-wayne-gacy-d8133,peacock,2025,TV-MA,1,8,845,5,8
Devil in Ohio,devil-in-ohio-4e0d4,netflix,2022,TV-MA,1,8,248,5,8
Devil May Cry,devil-may-cry-9a5ff,netflix,2025,TV-MA,1,8,623,4,8
Devilman Crybaby,devilman-crybaby-7ef6b,netflix,2018,TV-MA,1,10,790,5,10
Dexter,dexter-418c4,paramount,2006,TV-MA,8,96,10964,5,96
Dexter: New Blood,dexter-new-blood-c27b2,paramount,2021,TV-MA,1,10,1062,5,10
Dexter: Original Sin,dexter-original-sin-5282e,paramount,2024,TV-MA,1,10,1381,5,10
Dexter: Resurrection,dexter-resurrection-01c1b,paramount,2025,TV-MA,1,10,922,5,10
Dickinson,dickinson-e20e4,appletv,2019,TV-14,3,30,1002,5,30
Dinner with the Parents,dinner-with-the-parents-89ca7,amazon-prime,2024,TV-14,1,10,454,5,10
Dirty John,dirty-john-b5667,netflix,2018,TV-MA,2,16,494,5,16
Dirty Pop: The Boy Band Scam,dirty-pop-the-boy-band-scam-2c3ca,netflix,2024,TV-14,1,3,79,5,3
Disclaimer,disclaimer-181d2,appletv,2024,TV-MA,1,7,507,5,7
Django,django-4cc2e,netflix,2023,TV-MA,1,10,497,5,10
DMV,dmv-251d4,paramount,2025,TV-PG,1,20,706,5,20
Doctor Who,doctor-who-8ce2a,amazon,2005,TV-PG,5,61,3656,5,61
DOM,dom-97872,amazon-prime,2021,TV-MA,1,8,1755,5,8
Domina,domina-55fc6,amazon-channels-mgm,2021,TV-MA,1,8,654,4,8
Dope Thief,dope-thief-a6ae1,appletv,2025,TV-MA,1,8,1422,5,8
DOTA: Dragon's Blood,dota-dragons-blood-c2578,netflix,2021,TV-MA,2,16,763,4,16
Down Cemetery Road,down-cemetery-road-50757,appletv,2025,TV-MA,1,8,759,5,8
Down for Love,down-for-love-61ce8,netflix,2022,TV-14,1,5,240,5,5
Down to Earth with Zac Efron,down-to-earth-with-zac-efron-43452,netflix,2020,TV-PG,2,16,347,5,16
Downton Abbey,downton-abbey-4ea42,amazon-prime,2010,TV-14,6,52,1700,5,52
Dr. Death,dr-death-13ace,peacock,2021,TV-MA,2,16,1031,5,16
Dracula,dracula-10ce5,netflix,2020,TV-14,1,3,401,5,3
Dragon Age: Absolution,dragon-age-absolution-90a1f,netflix,2022,TV-MA,1,6,314,4,6
Dragons: Rescue Riders,dragons-rescue-riders-841e4,netflix,2019,TV-Y7,1,14,305,4,14
Drops of God,drops-of-god-5c166,appletv,2023,TV-MA,2,16,354,5,16
Dutton Ranch,dutton-ranch-8204c,paramount,2026,TV-MA,1,3,421,5,3
Dynasty: The Murdochs,dynasty-the-murdochs-39930,netflix,2026,TV-MA,1,4,111,5,4
Earth Abides,earth-abides-a608e,amazon-channels-mgm,2024,TV-MA,1,6,308,4,6
Eat the Rich: The GameStop Saga,eat-the-rich-the-gamestop-saga-8f929,netflix,2022,TV-MA,1,3,116,4,3
Echo 3,echo-3-14f2c,appletv,2022,TV-MA,1,10,679,5,10
Echoes,echoes-53af7,netflix,2022,TV-MA,1,7,326,5,7
Elementary,elementary-50d08,amazon-prime,2012,TV-14,6,140,4049,5,140
Elite,elite-1dfaa,netflix,2018,TV-MA,8,64,9502,5,64
Elsbeth,elsbeth-a1b7e,paramount,2024,TV-14,3,49,1494,5,49
Emergency: NYC,emergency-nyc-35402,netflix,2023,TV-MA,1,8,369,4,8
Emily in Paris,emily-in-paris-baedd,netflix,2020,TV-MA,5,50,2893,5,50
Endeavour,endeavour-f3e70,amazon-prime,2013,TV-14,9,35,3001,5,35
Episodes,episodes-05364,amazon,2011,TV-MA,2,16,1302,5,16
Eric,eric-3b2fe,netflix,2024,TV-MA,1,6,628,5,6
Escaping Twin Flames,escaping-twin-flames-52bf8,netflix,2023,TV-MA,1,3,162,4,3
Eureka,eureka-0ce08,amazon,2006,TV-14,5,77,2667,5,77
Everybody Loves Diamonds,everybody-loves-diamonds-f6b02,amazon-prime,2023,TV-MA,1,8,751,4,8
Everything Now,everything-now-84ffc,netflix,2023,TV-MA,1,8,982,5,8
Everything Sucks!,everything-sucks-2d42a,netflix,2018,TV-14,1,10,470,5,10
Evil,evil-c51d6,paramount,2019,TV-14,4,50,2899,5,50
Evil Genius,evil-genius-3db31,netflix,2018,TV-MA,1,4,181,4,4
Expats,expats-a2ad6,amazon-prime,2024,TV-MA,1,6,290,5,6
Extrapolations,extrapolations-7f9a7,appletv,2023,TV-MA,1,8,372,4,8
F is for Family,f-is-for-family-26dfe,netflix,2015,TV-MA,4,36,4778,5,36
Falling Water,falling-water-dbecd,amazon,2016,TV-14,2,20,990,5,20
Fallout,fallout-67415,amazon-prime,2024,TV-MA,2,16,1529,5,16
Fatal Attraction,fatal-attraction-56a47,amazon,2023,TV-MA,1,8,678,4,8
Fate: The Winx Saga,fate-the-winx-saga-96da9,netflix,2021,TV-MA,2,13,996,5,13
Fauda,fauda-af40b,netflix,2015,TV-MA,4,48,1744,5,48
FBI,fbi-708c9,amazon-channels-paramount,2018,TV-14,1,22,800,5,22
Fear City: New York vs The Mafia,fear-city-new-york-vs-the-mafia-f7b93,netflix,2020,TV-MA,1,3,150,4,3
Fear the Walking Dead,fear-the-walking-dead-aca98,netflix,2015,TV-MA,8,113,6631,5,113
Fellow Travelers,fellow-travelers-da5c6,amazon-channels-paramount,2023,TV-MA,1,8,678,5,8
Feria: The Darkest Light,feria-the-darkest-light-8fbd0,netflix,2022,TV-MA,1,8,607,5,8
Ferry: The Series,ferry-the-series-0cc7f,netflix,2023,TV-MA,1,8,753,5,8
Fight Night: The Million Dollar Heist,fight-night-the-million-dollar-heist-02a08,peacock,2024,TV-MA,1,8,2055,5,8
Finding Her Edge,finding-her-edge-d1372,netflix,2026,TV-PG,1,8,540,5,8
Fire Country,fire-country-08da9,netflix,2022,TV-14,4,72,3267,5,72
Firefly Lane,firefly-lane-039b9,netflix,2021,TV-MA,2,26,2659,5,26
First Wives Club,first-wives-club-bcbde,netflix,2019,TV-MA,3,29,2854,5,29
Fisk,fisk-f792e,netflix,2021,TV-MA,3,18,509,4,18
Flack,flack-e80d6,amazon-prime,2019,TV-MA,2,12,1593,5,12
Fleabag,fleabag-f5acd,amazon-prime,2016,TV-MA,2,12,1034,5,12
Flesh and Blood,flesh-and-blood-a7467,amazon-channels-pbs,2020,TV-14,1,4,236,5,4
Flint Town,flint-town-c1243,netflix,2018,TV-MA,1,8,348,4,8
Florida Man,florida-man-8cf00,netflix,2023,TV-MA,1,7,638,5,7
Fool Me Once,fool-me-once-56f4a,netflix,2024,TV-MA,1,8,378,5,8
For All Mankind,for-all-mankind-1ac5d,appletv,2019,TV-MA,5,49,2836,5,49
Forever,forever-05d06,amazon-prime,2018,TV-14,1,8,371,5,8
FOREVER,forever-4dc97,netflix,2025,TV-MA,1,8,964,5,8
Formula 1: Drive to Survive,formula-1-drive-to-survive-1d67d,netflix,2019,TV-MA,8,78,3711,5,78
Foundation,foundation-fd93f,appletv,2021,TV-MA,3,30,1798,5,30
Frank of Ireland,frank-of-ireland-d4b9c,amazon-prime,2021,TV-MA,1,6,448,4,6
Franklin,franklin-40b15,appletv,2024,TV-MA,1,8,544,5,8
Frasier,frasier-120ce,amazon-prime,1993,TV-PG,1,24,994,5,24
Frasier,frasier-49e39,amazon-channels-paramount,2023,TV-14,2,20,738,5,20
Free Bert,free-bert-e254a,netflix,2026,TV-MA,1,6,726,5,6
Freeridge,freeridge-eaf5b,netflix,2023,TV-14,1,8,492,5,8
Friday Night Lights,friday-night-lights-5caf1,amazon-prime,2006,TV-14,5,76,5106,5,76
Friends from College,friends-from-college-26de0,netflix,2017,TV-MA,2,16,1080,5,16
FROM,from-20073,amazon-channels-mgm,2022,TV-MA,4,35,3385,5,35
From Scratch,from-scratch-fa353,netflix,2022,TV-MA,1,8,247,4,8
Frontier,frontier-fcd8c,netflix,2016,TV-MA,3,18,1565,4,18
FUBAR,fubar-78e4f,netflix,2023,TV-MA,2,16,1442,5,16
Full Speed,full-speed-179aa,netflix,2024,TV-MA,2,10,503,4,10
Full Swing,full-swing-c731a,netflix,2023,TV-MA,4,27,762,4,27
Funny AF with Kevin Hart,funny-af-with-kevin-hart-27f77,netflix,2026,TV-MA,1,8,2029,4,8
Furies,furies-92cdf,netflix,2024,TV-MA,1,8,667,5,8
Ganglands,ganglands-da45a,netflix,2021,TV-MA,1,6,435,5,6
Gangs of London,gangs-of-london-ddea5,amazon-channels-amc,2020,TV-MA,1,10,1174,5,10
Gaslit,gaslit-09951,amazon,2022,TV-MA,1,8,802,5,8
Geek Girl,geek-girl-7bacb,netflix,2024,TV-PG,1,10,224,5,10
Gen V,gen-v-c3230,amazon-prime,2023,TV-MA,2,16,2891,5,16
Gentefied,gentefied-57861,netflix,2020,TV-MA,2,18,1355,5,18
Get Gotti,get-gotti-4ab87,netflix,2023,TV-MA,1,3,236,5,3
Get Shorty,get-shorty-ce07b,amazon-prime,2017,TV-MA,1,10,1068,5,10
Ghosts,ghosts-71a43,paramount,2021,TV-14,5,94,3420,5,94
Ghosts of Beirut,ghosts-of-beirut-56ec2,amazon-channels-paramount,2023,TV-MA,1,4,171,4,4
Ginny & Georgia,ginny-georgia-a9aff,netflix,2021,TV-14,3,30,2961,5,30
Girl Taken,girl-taken-1a54f,paramount,2026,TV-MA,1,6,354,5,6
Girlboss,girlboss-c2838,netflix,2017,TV-MA,1,13,928,5,13
Girls5eva,girls5eva-c95c9,netflix,2021,TV-MA,1,8,753,4,8
Glitch,glitch-46a35,netflix,2022,TV-MA,1,10,450,5,10
Glitch,glitch-c516f,netflix,2015,TV-MA,3,18,1331,5,18
Glitter & Gold: Ice Dancing,glitter-gold-ice-dancing-9fd0c,netflix,2026,TV-14,1,3,180,4,3
GLOW,glow-e2557,netflix,2017,TV-MA,3,30,3138,5,30
God's Favorite Idiot,gods-favorite-idiot-05688,netflix,2022,TV-MA,1,8,350,5,8
Godless,godless-d214f,netflix,2017,TV-MA,1,7,554,4,7
Goliath,goliath-d3037,amazon-channels-mgm,2016,TV-MA,4,32,3249,5,32
Gone for Good,gone-for-good-0471a,netflix,2021,TV-MA,1,5,461,5,5
Good Cop/Bad Cop,good-copbad-cop-6b46e,amazon-prime,2025,TV-PG,1,8,462,5,8
Good Girls,good-girls-aa018,netflix,2018,TV-14,4,50,2178,5,50
Good Grief,good-grief-6e29d,amazon-channels-amc,2021,NR,1,6,195,5,6
"Good Morning, Verônica",good-morning-veronica-b97b3,netflix,2020,TV-MA,3,17,991,5,17
Good Omens,good-omens-f131f,amazon-prime,2019,TV-14,3,13,493,5,13
Government Cheese,government-cheese-0cff5,appletv,2025,TV-MA,1,10,265,5,10
Grace,grace-17a36,amazon-channels-britbox,2021,TV-MA,3,8,630,5,8
Grace and Frankie,grace-and-frankie-f5a88,netflix,2015,TV-MA,7,94,4815,5,94
Grand Army,grand-army-ba70c,netflix,2020,TV-MA,1,9,1737,5,9
Grantchester,grantchester-2dfd1,amazon-channels-pbs,2014,TV-14,10,67,3744,5,67
Greenhouse Academy,greenhouse-academy-7db70,netflix,2017,TV-PG,4,40,683,5,40
Grimm,grimm-9de6c,amazon-prime,2011,TV-14,6,123,6672,5,123
Griselda,griselda-2d863,netflix,2024,TV-MA,1,6,1082,5,6
Guillermo del Toro's Cabinet of Curiosities,guillermo-del-toros-cabinet-of-curiosities-74859,netflix,2022,TV-MA,1,8,691,5,8
Guilt,guilt-0ce66,amazon-channels-pbs,2019,TV-MA,3,12,444,5,12
Gypsy,gypsy-a333e,netflix,2017,TV-MA,1,10,608,5,10
Halifax: Retribution,halifax-retribution-d1ec6,amazon-channels-pbs,2020,TV-MA,1,8,336,5,8
Halo,halo-e4378,netflix,2022,TV-14,2,17,1041,5,17
Halston,halston-726ee,netflix,2021,TV-MA,1,5,488,5,5
Halt and Catch Fire,halt-and-catch-fire-4f24a,amazon-channels-amc,2014,TV-14,2,20,1083,5,20
Hanna,hanna-14b1f,amazon-prime,2019,TV-MA,3,22,1079,5,22
Hannibal,hannibal-3919c,amazon-prime,2013,TV-MA,3,39,2331,5,39
Happy Face,happy-face-372dd,paramount,2025,TV-MA,1,8,486,5,8
Happy Valley,happy-valley-65155,amazon-channels-britbox,2014,TV-MA,3,18,1355,5,18
Hard Cell,hard-cell-70fe5,netflix,2022,TV-MA,1,6,362,4,6
Harlan Coben's Final Twist,harlan-cobens-final-twist-66751,paramount,2026,TV-14,1,5,169,5,5
Harlan Coben's Lazarus,harlan-cobens-lazarus-2b6ff,amazon-prime,2025,TV-MA,1,6,322,5,6
Harlan Coben's Shelter,harlan-cobens-shelter-9b42f,amazon-prime,2023,TV-14,1,8,775,5,8
Harlem,harlem-2c6f9,amazon-prime,2021,TV-MA,1,10,1274,5,10
Harry & Meghan,harry-meghan-8cef2,netflix,2022,TV-MA,1,6,178,5,6
Hawaii Five-0,hawaii-five-0-417e9,amazon-channels-paramount,2010,TV-14,2,47,2470,5,47
Hazbin Hotel,hazbin-hotel-c0bf7,amazon-prime,2024,TV-MA,2,16,2171,5,16
He-Man and the Masters of the Universe,he-man-and-the-masters-of-the-universe-c0f0e,netflix,2021,TV-Y7,1,10,400,3,10
Heartland,heartland-7cf9f,netflix,2007,TV-14,3,49,1740,5,49
Heartstopper,heartstopper-f75ce,netflix,2022,TV-14,1,8,179,4,8
Heels,heels-07daf,netflix,2021,TV-MA,2,16,2993,5,16
Heirs to the Land,heirs-to-the-land-92ffe,netflix,2022,TV-MA,1,8,386,4,8
Heist,heist-f2ace,netflix,2021,TV-MA,1,6,368,5,6
Hell on Wheels,hell-on-wheels-44b01,paramount,2011,TV-14,5,57,4148,5,57
Hellbound,hellbound-5e4d2,netflix,2021,TV-MA,1,6,393,4,6
Hello Tomorrow!,hello-tomorrow-d5c73,appletv,2023,TV-MA,1,10,445,4,10
Heroes,heroes-bd25a,amazon,2006,TV-14,4,78,4493,5,78
Het gouden uur,het-gouden-uur-71929,netflix,2022,TV-MA,1,6,440,5,6
High Desert,high-desert-003e7,appletv,2023,TV-MA,1,8,850,5,8
High Seas,high-seas-860de,netflix,2019,TV-MA,3,22,371,4,22
High Water,high-water-6b89a,netflix,2022,TV-MA,1,6,288,5,6
Hijack,hijack-f8e38,appletv,2023,TV-MA,2,15,748,5,15
HIS & HERS,his-hers-ba448,netflix,2026,TV-MA,1,6,762,5,6
History of Swear Words,history-of-swear-words-146ac,netflix,2021,TV-MA,1,6,1562,4,6
Hit & Run,hit-run-b7603,netflix,2021,TV-MA,1,9,589,5,9
Hold Tight,hold-tight-b163b,netflix,2022,TV-MA,1,6,410,5,6
Hollywood,hollywood-14429,netflix,2020,TV-MA,1,7,613,5,7
Hollywood Con Queen,hollywood-con-queen-d795a,appletv,2024,TV-MA,1,3,61,4,3
Home Before Dark,home-before-dark-0622d,appletv,2020,TV-14,2,20,497,5,20
Homecoming,homecoming-ae39c,amazon-prime,2018,TV-MA,2,17,461,5,17
Homicide,homicide-926b7,netflix,2024,TV-MA,2,10,438,5,10
Hostage,hostage-ded24,netflix,2025,TV-MA,1,5,219,5,5
Hotel Costiera,hotel-costiera-1f9ae,amazon-prime,2025,TV-MA,1,6,502,4,6
House,house-46c5e,amazon-prime,2004,TV-14,8,178,9319,5,178
House of Cards,house-of-cards-5632e,netflix,2013,TV-MA,6,73,2038,5,73
House of David,house-of-david-4a24a,amazon-prime,2025,TV-14,2,16,698,5,16
House of Guinness,house-of-guinness-4874a,netflix,2025,TV-MA,1,8,612,5,8
House of Lies,house-of-lies-e6bc7,amazon-channels-paramount,2012,TV-MA,2,24,3388,5,24
House of Ninjas,house-of-ninjas-37c16,netflix,2024,TV-MA,1,8,286,4,8
How to Become a Mob Boss,how-to-become-a-mob-boss-95842,netflix,2023,TV-MA,1,6,220,5,6
Humans,humans-43866,amazon-prime,2015,TV-14,3,24,895,5,24
Hunted,hunted-4a64c,amazon,2012,TV-MA,1,8,522,5,8
Hunters,hunters-1c3d2,amazon-prime,2020,TV-MA,2,18,2002,5,18
Hyperdrive,hyperdrive-7dbbe,amazon-prime,2006,TV-PG,1,6,315,5,6
Hysteria!,hysteria-2dca8,peacock,2024,TV-MA,1,8,527,5,8
I Am Not Okay with This,i-am-not-okay-with-this-46282,netflix,2020,TV-MA,1,7,415,5,7
I Hate Christmas,i-hate-christmas-1d707,netflix,2022,TV-MA,1,6,246,4,6
I Just Killed My Dad,i-just-killed-my-dad-a56e9,netflix,2022,TV-MA,1,3,52,5,3
I Know What You Did Last Summer,i-know-what-you-did-last-summer-f33d0,amazon-prime,2021,TV-MA,1,8,1342,5,8
I Think You Should Leave with Tim Robinson,i-think-you-should-leave-with-tim-robinson-88cb9,netflix,2019,TV-MA,3,18,938,5,18
I'm a Virgo,im-a-virgo-6dd8a,amazon-prime,2023,TV-MA,1,7,628,5,7
"I, Jack Wright",i-jack-wright-d7691,amazon-prime,2025,TV-MA,1,6,249,5,6
iCarly,icarly-130f2,netflix,2007,TV-G,1,25,669,5,25
Immigration Nation,immigration-nation-8c176,netflix,2020,TV-MA,1,6,126,4,6
Imposters,imposters-631c2,amazon,2017,TV-14,2,20,1728,5,20
In From the Cold,in-from-the-cold-9cb2c,netflix,2022,TV-MA,1,8,703,5,8
In the Know,in-the-know-ed06b,peacock,2024,TV-MA,1,6,298,5,6
Insatiable,insatiable-ac62e,netflix,2018,TV-MA,2,22,2353,5,22
Inside Job,inside-job-64703,netflix,2021,TV-MA,2,18,2155,5,18
Inside Jokes,inside-jokes-34952,amazon-prime,2018,TV-MA,1,6,506,4,6
Inside Man,inside-man-d8edb,netflix,2022,TV-MA,1,4,297,5,4
Interview with the Vampire,interview-with-the-vampire-dc328,netflix,2022,TV-MA,2,15,1263,5,15
Into the Badlands,into-the-badlands-3958a,amazon-channels-amc,2015,TV-14,3,32,2359,5,32
Into the Fire: The Lost Daughter,into-the-fire-the-lost-daughter-5e01b,netflix,2024,TV-MA,1,2,92,5,2
Into the Night,into-the-night-c2a90,netflix,2020,TV-MA,2,12,463,4,12
Invasion,invasion-160b1,appletv,2021,TV-MA,3,30,1599,5,30
Inventing Anna,inventing-anna-ff572,netflix,2022,TV-MA,1,9,784,5,9
INVINCIBLE,invincible-4dd00,amazon-prime,2021,TV-MA,4,33,4022,5,33
Invisible City,invisible-city-4f3a6,netflix,2021,TV-MA,2,12,398,5,12
Jamestown,jamestown-debf0,amazon-prime,2017,TV-14,3,24,1242,5,24
Jeffrey Epstein: Filthy Rich,jeffrey-epstein-filthy-rich-c9c55,netflix,2020,TV-MA,1,4,272,5,4
Jekyll and Hyde,jekyll-and-hyde-02c91,amazon-channels-pbs,2015,TV-MA,1,10,369,5,10
Jericho,jericho-c94e7,paramount,2006,TV-14,2,30,1307,5,30
Jewish Matchmaking,jewish-matchmaking-50481,netflix,2023,TV-14,1,8,322,5,8
Joe Pickett,joe-pickett-fc6eb,amazon-channels-paramount,2021,TV-14,2,20,1389,5,20
Jupiter's Legacy,jupiters-legacy-c8f9c,netflix,2021,TV-MA,1,8,699,5,8
Jurassic World Camp Cretaceous,jurassic-world-camp-cretaceous-a67a9,netflix,2020,TV-PG,5,49,920,4,49
Jurassic World: Chaos Theory,jurassic-world-chaos-theory-4b333,netflix,2024,TV-Y7,3,30,599,3,30
Jury Duty,jury-duty-e117d,amazon-prime,2023,TV-14,2,16,1055,5,16
Just One Look,just-one-look-f7f00,netflix,2025,TV-MA,1,6,242,5,6
Justice on Trial,justice-on-trial-3ac1b,amazon-prime,2025,TV-MA,1,8,185,4,8
KAOS,kaos-db193,netflix,2024,TV-MA,1,8,744,4,8
Katla,katla-55dec,netflix,2021,TV-MA,1,8,218,4,8
Katrina: Come Hell and High Water,katrina-come-hell-and-high-water-bc836,netflix,2025,TV-MA,1,3,182,4,3
Keep Sweet: Pray and Obey,keep-sweet-pray-and-obey-109ac,netflix,2022,TV-MA,1,4,87,4,4
Kevin,kevin-7b6e7,amazon-prime,2026,TV-MA,1,8,1097,5,8
Kevin Can F**K Himself,kevin-can-fk-himself-e3376,amazon-channels-amc,2021,TV-MA,1,8,456,5,8
Kidnap and Ransom,kidnap-and-ransom-8abcb,amazon-channels-pbs,2011,TV-MA,1,3,118,5,3
Killer Inside: The Mind of Aaron Hernandez,killer-inside-the-mind-of-aaron-hernandez-024d3,netflix,2020,TV-MA,1,3,213,5,3
Killing It,killing-it-a276d,peacock,2022,TV-MA,2,18,2188,5,18
Kim's Convenience,kims-convenience-a4f12,netflix,2016,TV-MA,5,65,934,5,65
King & Conqueror,king-conqueror-964dd,amazon-prime,2025,TV-MA,1,8,402,4,8
Kleo,kleo-e580a,netflix,2022,TV-MA,2,14,923,5,14
Knuckles,knuckles-2bdbc,amazon-channels-paramount,2024,TV-PG,1,6,294,5,6
Kung Fu Panda: The Dragon Knight,kung-fu-panda-the-dragon-knight-ed794,netflix,2022,TV-Y7,1,11,390,5,11
La Brea,la-brea-ca57d,peacock,2021,TV-14,2,24,938,5,24
La Maison,la-maison-03388,appletv,2024,TV-14,1,10,562,5,10
La Palma,la-palma-7e6b1,netflix,2024,TV-MA,1,4,186,5,4
Lady Dynamite,lady-dynamite-bc9b2,netflix,2016,TV-MA,1,11,890,5,11
Lady in the Lake,lady-in-the-lake-cc20b,appletv,2024,TV-MA,1,7,608,5,7
Land of Women,land-of-women-d72db,appletv,2024,TV-MA,1,6,342,5,6
Landman,landman-f4bc9,paramount,2024,TV-MA,2,20,3625,5,20
Last Chance U,last-chance-u-da9c6,netflix,2016,TV-MA,5,38,7040,5,38
Last Chance U: Basketball,last-chance-u-basketball-7281d,netflix,2021,TV-MA,2,16,2144,4,16
Last Samurai Standing,last-samurai-standing-1ef54,netflix,2025,TV-MA,1,6,371,4,6
Law & Order: Organized Crime,law-order-organized-crime-66ab2,peacock,2021,TV-14,3,52,2589,5,52
Lawmen: Bass Reeves,lawmen-bass-reeves-b2f3d,paramount,2023,TV-MA,1,8,422,4,8
Lessons in Chemistry,lessons-in-chemistry-3c5e2,appletv,2023,TV-MA,1,8,206,5,8
Leverage: Redemption,leverage-redemption-d9c33,amazon-prime,2021,TV-14,3,39,1568,5,39
Life,life-49cf1,peacock,2007,TV-14,1,11,579,5,11
Lilyhammer,lilyhammer-f3b2c,netflix,2012,TV-MA,3,24,2536,5,24
Limitless,limitless-7f827,amazon-channels-paramount,2015,TV-14,1,22,786,5,22
Line of Duty,line-of-duty-fb5cf,amazon-prime,2012,TV-MA,6,36,1617,5,36
Lioness,lioness-029c0,paramount,2023,TV-MA,2,16,1945,5,16
Little America,little-america-be66b,appletv,2020,TV-14,2,16,381,5,16
Little Disasters,little-disasters-a31b7,paramount,2025,TV-14,1,6,425,5,6
Living Scriptures Animated Stories,living-scriptures-animated-stories-e89cc,vidangel,1987,NR,1,12,157,5,12
Living with Yourself,living-with-yourself-e4c19,netflix,2019,TV-MA,1,8,391,4,8
Locke & Key,locke-key-05606,netflix,2020,TV-14,3,28,1186,5,28
Lockerbie: A Search for Truth,lockerbie-a-search-for-truth-671cd,peacock,2025,TV-MA,1,5,115,4,5
Lockwood & Co.,lockwood-co-597c9,netflix,2023,TV-14,1,8,314,5,8
Lonesome Dove,lonesome-dove-2d18e,amazon-prime,1989,TV-14,1,4,515,5,4
Long Bright River,long-bright-river-7ef47,peacock,2025,TV-MA,1,8,404,5,8
Long Way Home,long-way-home-5213c,appletv,2025,TV-14,1,10,336,5,10
Loot,loot-97f8f,appletv,2022,TV-MA,3,30,1784,5,30
Lord of the Flies,lord-of-the-flies-a8dd9,netflix,2026,TV-MA,1,4,169,4,4
Lore,lore-9ebf8,amazon-prime,2017,TV-14,2,12,654,5,12
Lost in Space,lost-in-space-7f589,netflix,2018,TV-PG,3,28,871,5,28
Love,love-9b8de,netflix,2016,TV-MA,1,10,1017,5,10
Love & Anarchy,love-anarchy-5eb99,netflix,2020,TV-MA,1,8,413,5,8
Love 101,love-101-56ff7,netflix,2020,TV-MA,1,8,548,5,8
Love Is Blind,love-is-blind-b6009,netflix,2020,TV-MA,10,136,21437,5,136
Love Is Blind: UK,love-is-blind-uk-a4dc2,netflix,2024,TV-MA,2,23,3145,3,23
Love on the Spectrum,love-on-the-spectrum-0e216,netflix,2022,TV-14,4,27,1140,5,27
"Love, Death & Robots",love-death-robots-9b1ae,netflix,2019,TV-MA,3,35,1707,5,35
Lucan,lucan-42c09,amazon-channels-britbox,2013,TV-14,1,2,163,5,2
Lucky Hank,lucky-hank-be39c,amazon,2023,TV-14,1,8,396,5,8
Ludik,ludik-1db88,netflix,2022,TV-MA,1,6,614,5,6
LuLaRich,lularich-d6097,amazon-prime,2021,TV-14,1,4,95,5,4
Lupin,lupin-88ff2,netflix,2021,TV-MA,3,17,577,5,17
Luther,luther-8c5a2,amazon-channels-amc,2010,TV-14,5,20,1293,5,20
M.I.A.,mia-87cd3,peacock,2026,TV-MA,1,9,1124,5,9
MacGruber,macgruber-0f9c2,peacock,2021,TV-MA,1,8,800,4,8
MacGyver,macgyver-83b94,paramount,2016,TV-14,5,94,3655,5,94
Mad Men,mad-men-c8f62,amazon-channels-amc,2007,TV-14,7,92,3949,5,92
Madam Secretary,madam-secretary-eb333,amazon,2014,TV-14,6,120,2959,5,120
Made for March,made-for-march-833b6,paramount,2026,TV-14,1,4,88,3,4
Madoff: The Monster of Wall Street,madoff-the-monster-of-wall-street-92ede,netflix,2023,TV-MA,1,4,77,4,4
Making a Murderer,making-a-murderer-9f54d,netflix,2015,TV-14,2,20,517,5,20
Making It,making-it-954ca,amazon,2018,NR,2,10,151,5,10
Making Their Mark,making-their-mark-276f9,amazon-prime,2021,TV-MA,1,7,586,4,7
Malice,malice-1ebbf,amazon-prime,2025,TV-MA,1,6,518,5,6
Mammals,mammals-9b92d,amazon-prime,2022,TV-MA,1,6,264,4,6
Man vs Baby,man-vs-baby-d95dc,netflix,2025,TV-PG,1,4,71,4,4
Man vs Bee,man-vs-bee-0455f,netflix,2022,TV-PG,1,9,129,5,9
Manhunt,manhunt-ef31f,appletv,2024,TV-MA,1,7,253,5,7
Maniac,maniac-efb40,netflix,2018,TV-MA,1,10,476,5,10
Marcella,marcella-4fa68,netflix,2016,TV-MA,3,24,1176,5,24
Marco Polo,marco-polo-a7304,netflix,2014,TV-MA,2,20,1082,5,20
Margo's Got Money Troubles,margos-got-money-troubles-31a1f,appletv,2026,TV-MA,1,8,979,5,8
Marie Antoinette,marie-antoinette-0762c,amazon-channels-pbs,2022,TV-14,2,16,1525,5,16
Marshals,marshals-eff26,paramount,2026,TV-14,1,12,723,5,12
Master of None,master-of-none-c5440,netflix,2015,TV-MA,3,25,1399,5,25
Masters of the Air,masters-of-the-air-60f98,appletv,2024,TV-MA,1,9,729,5,9
Masters of the Universe: Revelation,masters-of-the-universe-revelation-e8fc8,netflix,2021,TV-PG,1,5,229,3,5
Matlock,matlock-c3023,paramount,2024,TV-14,2,35,1095,5,35
Maxton Hall – The World Between Us,maxton-hall-the-world-between-us-d8491,amazon-prime,2024,TV-MA,2,12,736,5,12
Maya and the Three,maya-and-the-three-bff61,netflix,2021,TV-Y7,1,9,737,5,9
Mayfair Witches,mayfair-witches-2438a,netflix,2023,TV-MA,2,16,894,5,16
Mayor of Kingstown,mayor-of-kingstown-d1080,paramount,2021,TV-MA,4,40,8542,5,40
Medal of Honor,medal-of-honor-35e16,netflix,2018,TV-MA,1,8,384,4,8
Medici: Masters of Florence,medici-masters-of-florence-edd81,amazon-prime,2016,TV-14,3,24,1385,5,24
Medusa,medusa-cb9de,netflix,2025,TV-MA,1,12,1089,5,12
Meltdown: Three Mile Island,meltdown-three-mile-island-31e31,netflix,2022,TV-14,1,4,58,4,4
Merlin,merlin-e0bf3,amazon-prime,2008,TV-14,5,65,2652,5,65
Merry Happy Whatever,merry-happy-whatever-60271,netflix,2019,TV-PG,1,8,230,5,8
Messi Meets America,messi-meets-america-3f311,appletv,2023,TV-PG,1,6,84,4,6
Messi's World Cup: The Rise of a Legend,messis-world-cup-the-rise-of-a-legend-27201,appletv,2024,TV-PG,1,4,77,5,4
Messiah,messiah-c0ee2,netflix,2020,TV-MA,1,10,286,5,10
MH370: The Plane That Disappeared,mh370-the-plane-that-disappeared-e6655,netflix,2023,TV-14,1,3,30,4,3
Midnight Family,midnight-family-d162f,appletv,2024,TV-MA,1,10,1395,5,10
Midnight Mass,midnight-mass-0681d,netflix,2021,TV-MA,1,7,522,5,7
Million Dollar Secret,million-dollar-secret-0465a,netflix,2025,TV-14,2,16,1630,5,16
MINDHUNTER,mindhunter-c3418,netflix,2017,TV-MA,2,19,1378,5,19
Misfits,misfits-ed50c,amazon,2009,TV-MA,1,6,1063,5,6
Miss Governor,miss-governor-0abf9,netflix,2025,TV-MA,1,16,1037,5,16
Missing You,missing-you-310d0,netflix,2025,TV-MA,1,5,257,4,5
Missing: Dead or Alive?,missing-dead-or-alive-da3fd,netflix,2023,TV-MA,2,8,239,5,8
Mistletoe Murders,mistletoe-murders-7be27,amazon-channels-hallmark,2024,TV-G,1,6,111,5,6
Mo,mo-f8c15,netflix,2022,TV-MA,2,16,1115,5,16
MobLand,mobland-076ee,paramount,2025,TV-MA,1,10,1086,5,10
Modern Love,modern-love-39880,amazon-prime,2019,TV-MA,2,16,730,5,16
Monarca,monarca-2d0d7,netflix,2019,TV-MA,2,18,883,5,18
Monarch: Legacy of Monsters,monarch-legacy-of-monsters-48585,appletv,2023,TV-14,2,20,910,5,20
Money Heist,money-heist-b82e1,netflix,2017,TV-MA,5,48,4447,5,48
Monk,monk-c40c3,amazon-prime,2002,TV-PG,8,124,6213,5,124
Monsieur Spade,monsieur-spade-d6c66,amazon-channels-amc,2024,TV-MA,1,6,370,5,6
Monster: The Ed Gein Story,monster-the-ed-gein-story-cb543,netflix,2025,TV-MA,1,8,845,5,8
Monsters Inside: The 24 Faces of Billy Milligan,monsters-inside-the-24-faces-of-billy-milligan-66ac3,netflix,2021,TV-14,1,4,198,5,4
Monsters: The Lyle and Erik Menendez Story,monsters-the-lyle-and-erik-menendez-story-4de8e,netflix,2024,TV-MA,1,9,966,5,9
Motorheads,motorheads-7532f,amazon-prime,2025,TV-14,1,10,373,5,10
Mozart in the Jungle,mozart-in-the-jungle-fc1e7,amazon-prime,2014,TV-MA,4,40,2536,5,40
Mr. & Mrs. Smith,mr-mrs-smith-ea12a,amazon-prime,2024,TV-MA,1,8,697,5,8
Mr. Corman,mr-corman-8828e,appletv,2021,TV-MA,1,10,380,5,10
Mr. Good: Cop or Crook?,mr-good-cop-or-crook-5b36c,netflix,2022,TV-14,1,4,140,5,4
Mr. Iglesias,mr-iglesias-8423c,netflix,2019,TV-14,3,21,602,5,21
Mr. McMahon,mr-mcmahon-9efda,netflix,2024,TV-MA,1,6,940,5,6
Mr. Robot,mr-robot-97078,amazon,2015,TV-MA,4,45,2784,5,45
Mr. Sunshine,mr-sunshine-02077,netflix,2018,TV-MA,1,24,1152,5,24
Mr. Throwback,mr-throwback-6055c,peacock,2024,TV-MA,1,6,412,5,6
Murdaugh Murders: A Southern Scandal,murdaugh-murders-a-southern-scandal-29241,netflix,2023,TV-MA,2,6,227,5,6
Murder Among the Mormons,murder-among-the-mormons-0edc5,netflix,2021,TV-14,1,3,49,5,3
Murder City,murder-city-b9967,amazon-prime,2004,TV-MA,1,6,501,5,6
Murderbot,murderbot-beb3a,appletv,2025,TV-MA,1,10,529,5,10
Murderville,murderville-13fbb,netflix,2022,TV-MA,1,6,367,4,6
Muted,muted-2ef78,netflix,2023,TV-MA,1,6,259,5,6
My Lady Jane,my-lady-jane-f75d3,amazon-prime,2024,TV-14,1,8,988,5,8
My Life with the Walter Boys,my-life-with-the-walter-boys-97ee8,netflix,2023,TV-14,2,20,833,5,20
My Name,my-name-0ec10,netflix,2021,TV-MA,1,8,669,5,8
My Next Guest Needs No Introduction with David Letterman,my-next-guest-needs-no-introduction-with-david-letterman-8536f,netflix,2018,TV-MA,4,23,903,5,23
Mythic Quest,mythic-quest-ac872,appletv,2020,TV-MA,4,40,2079,5,40
Narco-Saints,narco-saints-e4b7d,netflix,2022,TV-MA,1,6,494,5,6
Narcos,narcos-cd357,netflix,2015,TV-MA,3,30,3291,5,30
Narcos: Mexico,narcos-mexico-3dbc9,netflix,2018,TV-MA,3,30,4496,5,30
NCIS,ncis-ea837,paramount,2003,TV-14,23,505,22329,5,505
NCIS: Origins,ncis-origins-1edce,paramount,2024,TV-14,2,36,2193,5,36
NCIS: Tony & Ziva,ncis-tony-ziva-7ce19,paramount,2025,TV-MA,1,10,591,5,10
Never Have I Ever,never-have-i-ever-07895,netflix,2020,TV-14,4,40,2181,5,40
Next in Fashion,next-in-fashion-849f8,netflix,2020,TV-14,1,10,1000,5,10
Night Sky,night-sky-b48ce,amazon-prime,2022,TV-MA,1,8,195,5,8
Night Stalker: The Hunt for a Serial Killer,night-stalker-the-hunt-for-a-serial-killer-fba53,netflix,2021,TV-MA,1,4,222,4,4
Nine Bodies in a Mexican Morgue,nine-bodies-in-a-mexican-morgue-8b4be,amazon-channels-mgm,2025,TV-MA,1,6,441,4,6
No Good Deed,no-good-deed-d0af4,netflix,2024,TV-MA,1,8,645,5,8
No Good Nick,no-good-nick-fd078,netflix,2019,TV-PG,2,20,399,5,20
Norsemen,norsemen-e789e,netflix,2016,TV-MA,3,18,978,4,18
North of North,north-of-north-23d1a,netflix,2025,TV-14,1,8,254,5,8
Northern Exposure,northern-exposure-7e38c,amazon,1990,TV-14,6,110,3153,5,110
Northern Rescue,northern-rescue-a33a5,netflix,2019,TV-14,1,10,353,5,10
Numb3rs,numb3rs-4120e,amazon,2005,TV-14,1,13,338,5,13
Nurse Jackie,nurse-jackie-86eaf,netflix,2009,TV-MA,2,24,1294,5,24
Obliterated,obliterated-2acf1,netflix,2023,TV-MA,1,8,2777,5,8
October Faction,october-faction-fb024,netflix,2020,TV-MA,1,10,900,5,10
Off Campus,off-campus-75cc7,amazon-prime,2026,TV-MA,1,8,1358,5,8
Omniscient,omniscient-234b6,netflix,2020,TV-MA,1,6,206,4,6
On Call,on-call-c857a,amazon-prime,2025,TV-MA,1,8,730,5,8
On My Block,on-my-block-acf8d,netflix,2018,TV-14,4,38,2509,5,38
On the Verge,on-the-verge-7bd86,netflix,2021,TV-MA,1,12,694,5,12
One Day,one-day-c7e38,netflix,2024,TV-MA,1,14,591,5,14
One Day at a Time,one-day-at-a-time-0317d,netflix,2017,TV-PG,2,26,1155,5,26
One Hundred Years of Solitude,one-hundred-years-of-solitude-431af,netflix,2024,TV-MA,1,8,488,5,8
One of Us Is Lying,one-of-us-is-lying-2d93d,peacock,2021,TV-MA,2,16,1749,5,16
ONE PIECE,one-piece-dfe77,netflix,2023,TV-14,2,16,1361,5,16
Open Your Eyes,open-your-eyes-6a9a1,netflix,2021,TV-MA,1,6,191,5,6
Orange Is the New Black,orange-is-the-new-black-117e1,netflix,2013,TV-MA,7,91,14568,5,91
Orphan Black,orphan-black-88d03,netflix,2013,TV-MA,5,50,3959,5,50
Orphan Black: Echoes,orphan-black-echoes-b7038,netflix,2024,TV-MA,1,10,392,5,10
Outer Banks,outer-banks-4aa3a,netflix,2020,TV-MA,4,40,4564,5,40
Outer Range,outer-range-8967e,amazon-prime,2022,TV-MA,2,15,843,5,15
Outlander,outlander-2ab7f,netflix,2014,TV-MA,8,101,6620,5,101
Outlander: Blood of My Blood,outlander-blood-of-my-blood-7e463,amazon-channels-starz,2025,TV-MA,1,10,721,5,10
Outlast,outlast-19499,netflix,2023,TV-14,2,16,880,5,16
Over Christmas,over-christmas-5851c,netflix,2020,TV-MA,1,3,141,4,3
Owlegories,owlegories-ac220,vidangel,2014,NR,1,17,34,0,17
Ozark,ozark-47c4a,netflix,2017,TV-MA,4,44,4325,5,44
Pachinko,pachinko-ee0e8,appletv,2022,TV-MA,2,16,346,5,16
Pacific Rim: The Black,pacific-rim-the-black-5f135,netflix,2021,TV-14,1,7,192,5,7
Pact of Silence,pact-of-silence-20145,netflix,2023,TV-MA,1,18,1003,5,18
Painkiller,painkiller-b1df2,netflix,2023,TV-MA,1,6,686,5,6
Palm Royale,palm-royale-42067,appletv,2024,TV-MA,2,20,1798,5,20
Pandemic: How to Prevent an Outbreak,pandemic-how-to-prevent-an-outbreak-9c77d,netflix,2020,TV-14,1,6,129,5,6
Panic,panic-30de5,amazon-prime,2021,TV-MA,1,10,1051,5,10
Paper Girls,paper-girls-0a9ab,amazon-prime,2022,TV-MA,1,8,620,5,8
Paranormal,paranormal-983a9,netflix,2020,TV-14,1,6,209,5,6
Parasyte: The Grey,parasyte-the-grey-c7097,netflix,2024,TV-MA,1,6,494,4,6
Parks and Recreation,parks-and-recreation-e2981,peacock,2009,TV-14,7,123,4534,5,123
Partner Track,partner-track-7caa9,netflix,2022,TV-MA,1,10,659,5,10
Patriot,patriot-a1a91,amazon-prime,2015,TV-MA,2,18,894,5,18
Peaky Blinders,peaky-blinders-fbc49,netflix,2013,TV-MA,6,36,3410,5,36
Penelope,penelope-71903,netflix,2024,TV-MA,1,8,139,5,8
Penny Dreadful,penny-dreadful-b168c,amazon-prime,2014,TV-MA,3,27,2110,5,27
"Pepsi, Where's My Jet?",pepsi-wheres-my-jet-41fe8,netflix,2022,TV-MA,1,4,109,4,4
Perfect Match,perfect-match-45597,netflix,2024,TV-MA,2,20,6336,4,20
Pervert: Hunting the Strip Search Caller,pervert-hunting-the-strip-search-caller-4b5c1,netflix,2022,TV-MA,1,3,169,3,3
Physical,physical-9f4a8,appletv,2021,TV-MA,3,30,1803,5,30
PIECES OF HER,pieces-of-her-6ecc2,netflix,2022,TV-MA,1,8,356,5,8
Pine Gap,pine-gap-262b5,netflix,2018,TV-MA,1,6,310,5,6
Platonic,platonic-9d8b0,appletv,2023,TV-MA,2,20,1908,5,20
Pluribus,pluribus-75e6f,appletv,2025,TV-MA,1,9,389,5,9
Poker Face,poker-face-c7f29,peacock,2023,TV-MA,2,22,2326,5,22
Poldark,poldark-533db,netflix,2015,TV-14,5,43,2267,5,43
PONIES,ponies-e6a14,peacock,2026,TV-MA,1,8,706,5,8
Post Mortem: No One Dies in Skarnes,post-mortem-no-one-dies-in-skarnes-5fa5c,netflix,2021,TV-MA,1,6,338,5,6
Prank Encounters,prank-encounters-167e8,netflix,2019,TV-MA,2,15,462,3,15
Prehistoric Planet,prehistoric-planet-36c31,appletv,2022,TV-PG,2,10,273,4,10
Pride and Prejudice,pride-and-prejudice-aabf4,amazon-channels-britbox,1995,TV-14,1,6,235,4,6
Prime Target,prime-target-86e57,appletv,2025,TV-14,1,8,248,5,8
Professor T,professor-t-2fe22,amazon-channels-pbs,2021,TV-MA,4,24,811,5,24
Psych,psych-dcae4,amazon-prime,2006,TV-PG,8,120,8040,5,120
PULSE,pulse-5840f,netflix,2025,TV-MA,1,10,748,5,10
Quarterback,quarterback-73254,netflix,2023,TV-MA,2,15,758,4,15
Queen Charlotte: A Bridgerton Story,queen-charlotte-a-bridgerton-story-aa305,netflix,2023,TV-MA,1,6,416,4,6
Rabbit Hole,rabbit-hole-b34e6,paramount,2023,TV-MA,1,8,714,5,8
Ragnarok,ragnarok-a433e,netflix,2020,TV-MA,3,18,895,5,18
Raising Dion,raising-dion-0d3e0,netflix,2019,TV-PG,2,17,563,5,17
Ransom Canyon,ransom-canyon-ce0d8,netflix,2025,TV-MA,1,10,882,5,10
Ray Donovan,ray-donovan-e293b,paramount,2013,TV-MA,7,82,11567,5,82
Reacher,reacher-6e7d4,amazon-prime,2022,TV-MA,3,24,2099,5,24
Reality Check: Inside America's Next Top Model,reality-check-inside-americas-next-top-model-18a28,netflix,2026,TV-MA,1,3,572,4,3
Receiver,receiver-2bb45,netflix,2024,TV-MA,1,8,776,4,8
Red Oaks,red-oaks-5d811,amazon-prime,2014,TV-MA,3,26,1548,5,26
Red Queen,red-queen-1aa1b,amazon-prime,2024,TV-MA,1,7,500,5,7
Red Rose,red-rose-613d6,netflix,2022,TV-MA,1,8,639,5,8
Resident Alien,resident-alien-66f15,netflix,2021,TV-14,4,44,3372,5,44
Resident Evil,resident-evil-35185,netflix,2022,TV-MA,1,8,716,5,8
RESIDENT EVIL: Infinite Darkness,resident-evil-infinite-darkness-863a7,netflix,2021,TV-MA,1,4,232,3,4
Reunion,reunion-ec8cf,paramount,2025,TV-MA,1,5,158,5,5
Rev.,rev-550e8,amazon-channels-britbox,2010,TV-14,1,6,389,5,6
Riches,riches-322c9,amazon-prime,2022,TV-14,1,6,352,5,6
RIPLEY,ripley-72903,netflix,2024,TV-MA,1,8,235,4,8
Ripple,ripple-4d95c,netflix,2025,TV-PG,1,8,275,5,8
Rise of Empires: Ottoman,rise-of-empires-ottoman-b0ab3,netflix,2020,TV-MA,2,12,517,4,12
Rita,rita-d2f2a,netflix,2012,TV-MA,3,23,982,5,23
Roadkill,roadkill-38f02,amazon-channels-pbs,2020,TV-14,1,4,223,5,4
Roar,roar-4ccf9,appletv,2022,TV-MA,1,8,482,5,8
Robin Hood,robin-hood-ca9b2,amazon-channels-mgm,2025,TV-MA,1,10,1017,4,10
Rough Diamonds,rough-diamonds-370bc,netflix,2023,TV-MA,1,8,159,4,8
Run Away,run-away-d0eb8,netflix,2026,TV-MA,1,8,377,5,8
Russian Doll,russian-doll-b26bf,netflix,2019,TV-MA,2,15,1087,5,15
Rutherford Falls,rutherford-falls-bbd7e,peacock,2021,TV-14,1,10,315,5,10
S.W.A.T.,swat-d1960,netflix,2017,TV-14,8,163,7536,5,163
Sacred Games,sacred-games-ba993,netflix,2018,TV-MA,2,16,1617,5,16
Safe,safe-e5410,netflix,2018,TV-MA,1,8,466,5,8
Salvation,salvation-6d05c,amazon,2017,TV-14,2,25,901,5,25
Sanditon,sanditon-b5727,amazon-channels-pbs,2019,TV-14,3,20,748,5,20
Sandokan,sandokan-97d52,netflix,2025,TV-MA,1,8,502,5,8
Santa Clarita Diet,santa-clarita-diet-fab82,netflix,2017,TV-MA,3,30,2128,5,30
SAS Rogue Heroes,sas-rogue-heroes-0496e,amazon-channels-mgm,2022,TV-MA,2,12,1310,5,12
Scarpetta,scarpetta-7988e,amazon-prime,2026,TV-MA,1,8,1049,5,8
Schitt's Creek,schitts-creek-b4586,amazon,2015,TV-MA,6,80,1551,5,80
Schmigadoon!,schmigadoon-095b3,appletv,2021,TV-14,2,12,644,5,12
School Spirits,school-spirits-26210,paramount,2023,TV-MA,3,24,1151,5,24
Scorpion,scorpion-e7950,paramount,2014,TV-14,4,92,3181,5,92
Scott Pilgrim Takes Off,scott-pilgrim-takes-off-3b8f8,netflix,2023,TV-MA,1,8,255,5,8
SEAL Team,seal-team-39221,paramount,2017,TV-14,7,114,5930,5,114
SEC Football: Any Given Saturday,sec-football-any-given-saturday-8227f,netflix,2025,TV-MA,1,7,297,3,7
Secret Level,secret-level-ce067,amazon-prime,2024,TV-14,1,15,380,4,15
Secrets We Keep,secrets-we-keep-b3e43,netflix,2025,TV-MA,1,6,300,4,6
See,see-016ac,appletv,2019,TV-MA,3,24,1421,5,24
Selling Sunset,selling-sunset-11bdc,netflix,2019,TV-MA,8,79,9800,5,79
Selling the OC,selling-the-oc-ac8b2,netflix,2022,TV-MA,3,24,3117,4,24
Senna,senna-ec047,netflix,2024,TV-MA,1,6,225,4,6
Sense8,sense8-02f7f,netflix,2015,TV-MA,2,24,2919,5,24
Servant,servant-98b86,appletv,2019,TV-MA,4,40,1439,5,40
Severance,severance-f7aab,appletv,2022,TV-MA,2,19,935,5,19
Shadow and Bone,shadow-and-bone-72cfa,netflix,2021,TV-14,2,16,844,5,16
Shadowplay,shadowplay-628bb,netflix,2020,TV-MA,1,8,491,5,8
Shantaram,shantaram-cc98a,appletv,2022,TV-MA,1,12,1011,5,12
Sheriff Country,sheriff-country-ed74a,paramount,2025,TV-14,1,20,1137,5,20
Sherlock,sherlock-2b4f9,amazon-channels-amc,2010,TV-14,4,12,873,5,12
Sherwood,sherwood-b4e3f,amazon-channels-britbox,2022,TV-MA,2,12,808,5,12
Shetland,shetland-845f9,amazon-channels-britbox,2013,TV-14,10,56,2314,5,56
Shining Girls,shining-girls-e5782,appletv,2022,TV-MA,1,8,372,5,8
Shiny Happy People,shiny-happy-people-dc663,amazon-prime,2023,TV-MA,2,7,252,5,7
Shooter,shooter-b4900,amazon-prime,2016,TV-MA,1,10,660,4,10
Should I Marry a Murderer?,should-i-marry-a-murderer-52b7f,netflix,2026,TV-MA,1,3,158,5,3
Side Quest,side-quest-3e1fd,appletv,2025,TV-MA,1,4,444,5,4
Silk,silk-5c262,amazon-prime,2011,TV-14,3,18,925,5,18
Silo,silo-55c68,appletv,2023,TV-MA,2,20,860,4,20
Simone Biles Rising,simone-biles-rising-d7be7,netflix,2024,TV-14,1,4,164,4,4
Sins of Our Mother,sins-of-our-mother-de3d6,netflix,2022,TV-14,1,3,43,4,3
Sirens,sirens-c5733,netflix,2025,TV-MA,1,5,538,5,5
Sky High: The Series,sky-high-the-series-32c9d,netflix,2023,TV-MA,1,7,590,5,7
SkyMed,skymed-63bd2,paramount,2022,TV-14,3,27,1858,5,27
Sleeping Dog,sleeping-dog-5ba23,netflix,2023,TV-MA,1,6,365,5,6
Slow Horses,slow-horses-7fa43,appletv,2022,TV-MA,5,30,2781,5,30
Smoke,smoke-c6a6f,appletv,2025,TV-MA,1,9,1101,5,9
Snabba Cash,snabba-cash-89161,netflix,2021,TV-MA,1,6,813,5,6
Sneaky Pete,sneaky-pete-0a281,netflix,2015,TV-MA,3,30,2414,5,30
Snowflake Mountain,snowflake-mountain-7687a,netflix,2022,TV-MA,1,8,1040,4,8
So Help Me Todd,so-help-me-todd-458fc,amazon,2022,TV-14,2,31,956,5,31
Solos,solos-a53d4,amazon-prime,2021,TV-MA,1,7,203,5,7
Someone Has to Die,someone-has-to-die-44a1b,netflix,2020,TV-MA,1,3,146,4,3
Something Very Bad Is Going to Happen,something-very-bad-is-going-to-happen-72a08,netflix,2026,TV-MA,1,8,879,5,8
Sophie: A Murder in West Cork,sophie-a-murder-in-west-cork-64ea6,netflix,2021,TV-14,1,3,111,5,3
South Park,south-park-a9fea,amazon-channels-paramount,1997,TV-MA,1,13,1331,5,13
Space Force,space-force-48dd1,netflix,2020,TV-MA,2,17,804,5,17
Spartacus,spartacus-07dc9,netflix,2010,TV-MA,4,39,8625,5,39
Spartacus: House of Ashur,spartacus-house-of-ashur-d7c68,amazon-channels-starz,2025,TV-MA,1,2,697,4,2
Spinning Out,spinning-out-3b7b0,netflix,2020,TV-MA,1,10,690,5,10
Splinter Cell: Deathwatch,splinter-cell-deathwatch-c6404,netflix,2025,TV-MA,1,8,376,4,8
Spooks,spooks-71f93,amazon-prime,2002,TV-14,1,6,362,5,6
SPRINT,sprint-2fba0,netflix,2024,TV-MA,2,10,425,4,10
Sprung,sprung-fc559,amazon-prime,2022,TV-MA,1,9,1095,5,9
Squid Game,squid-game-187ba,netflix,2021,TV-MA,3,22,2138,5,22
Squid Game: The Challenge,squid-game-the-challenge-45754,netflix,2023,TV-14,2,19,977,5,19
St. Denis Medical,st-denis-medical-4b19b,netflix,2024,TV-14,2,36,1102,5,36
Star Trek: Deep Space Nine,star-trek-deep-space-nine-4d85b,amazon-channels-paramount,1993,TV-PG,6,148,3138,5,148
Star Trek: Discovery,star-trek-discovery-ee99c,paramount,2017,TV-MA,5,65,1886,5,65
Star Trek: Lower Decks,star-trek-lower-decks-890b0,amazon-channels-paramount,2020,TV-14,2,20,972,5,20
Star Trek: Picard,star-trek-picard-7f959,paramount,2020,TV-14,3,30,1409,5,30
Star Trek: Starfleet Academy,star-trek-starfleet-academy-18564,paramount,2026,TV-14,1,10,499,5,10
Star Trek: Strange New Worlds,star-trek-strange-new-worlds-b0896,paramount,2022,TV-PG,3,30,1427,5,30
Star Trek: The Next Generation,star-trek-the-next-generation-2fd3b,amazon-channels-paramount,1987,TV-PG,1,25,883,5,25
Star Trek: Voyager,star-trek-voyager-3f179,paramount,1995,TV-PG,1,15,385,5,15
Stargate Atlantis,stargate-atlantis-7103f,amazon-prime,2004,TV-PG,1,20,1009,5,20
Starting 5,starting-5-2b9cc,netflix,2024,TV-MA,2,18,1108,4,18
Stay Close,stay-close-e0c2c,netflix,2021,TV-MA,1,8,423,5,8
Steal,steal-2b9c5,amazon-prime,2026,TV-MA,1,6,331,5,6
STEVE! (martin) a documentary in 2 pieces,steve-martin-a-documentary-in-2-pieces-89e00,appletv,2024,TV-MA,1,2,134,5,2
Stick,stick-9bf9b,appletv,2025,TV-MA,1,10,516,5,10
Still Up,still-up-a3393,appletv,2023,TV-14,1,8,279,5,8
Stillwater,stillwater-69ddf,appletv,2020,TV-Y7,2,20,71,3,20
Stranger Things,stranger-things-30ac9,netflix,2016,TV-14,5,42,4374,5,42
Stranger Things: Tales from '85,stranger-things-tales-from-85-c9fc5,netflix,2026,TV-PG,1,10,515,3,10
Stumble,stumble-f8986,peacock,2025,TV-14,1,13,613,5,13
Suburra: Blood on Rome,suburra-blood-on-rome-45622,netflix,2017,TV-MA,1,10,1020,5,10
Sugar,sugar-9c71e,appletv,2024,TV-MA,1,8,469,5,8
Suits,suits-cacaa,netflix,2011,TV-MA,9,134,9958,5,134
Sullivan's Crossing,sullivans-crossing-8ee5a,netflix,2023,TV-PG,3,30,886,5,30
Sunny,sunny-48076,appletv,2024,TV-MA,1,10,590,4,10
Supacell,supacell-60ad3,netflix,2024,TV-MA,1,6,918,5,6
Superstore,superstore-b8d00,peacock,2015,TV-14,2,33,1164,5,33
Surface,surface-76b32,appletv,2022,TV-MA,2,16,890,5,16
Surfside Girls,surfside-girls-d32bb,appletv,2022,TV-G,1,10,61,3,10
Survival of the Thickest,survival-of-the-thickest-6ed8c,netflix,2023,TV-MA,1,8,768,5,8
Surviving Black Hawk Down,surviving-black-hawk-down-9f3e9,netflix,2025,TV-MA,1,3,166,4,3
Surviving Summer,surviving-summer-63d2e,netflix,2022,TV-PG,2,18,736,5,18
Survivor's Remorse,survivors-remorse-0673f,amazon-channels-starz,2014,TV-MA,3,26,2656,5,26
Suspects,suspects-ba661,amazon-channels-pbs,2014,TV-MA,1,5,253,5,5
Suspicion,suspicion-05b37,appletv,2022,TV-MA,1,8,302,4,8
Swagger,swagger-0142a,appletv,2021,TV-14,2,18,864,5,18
Sweet Home,sweet-home-2437b,netflix,2020,TV-MA,3,26,2920,5,26
Sweet Magnolias,sweet-magnolias-d41ca,netflix,2020,TV-14,4,40,1277,5,40
Taken,taken-5de5d,amazon-prime,2017,TV-14,2,26,1183,5,26
Talamasca: The Secret Order,talamasca-the-secret-order-4d32f,amazon-channels-amc,2025,TV-MA,1,6,538,4,6
Tales of the City,tales-of-the-city-714e0,netflix,2019,TV-MA,1,10,1009,5,10
Tales of the Walking Dead,tales-of-the-walking-dead-c0b01,amazon-channels-amc,2022,TV-MA,1,6,462,5,6
Teacup,teacup-a0909,peacock,2024,TV-MA,1,8,531,5,8
ted,ted-c508c,peacock,2024,TV-MA,2,15,2908,5,15
Teen Wolf,teen-wolf-bd89f,amazon-prime,2011,TV-14,6,100,5986,5,100
Teenage Bounty Hunters,teenage-bounty-hunters-a59b4,netflix,2020,TV-MA,1,10,1065,5,10
Tehran,tehran-9de01,appletv,2020,TV-MA,3,24,965,5,24
Terminator Zero,terminator-zero-e86af,netflix,2024,TV-MA,1,8,379,3,8
Territory,territory-dc136,netflix,2024,TV-MA,1,6,609,5,6
Testament,testament-c7d1f,vidangel,2025,TV-PG,1,8,97,4,8
Testament: The Story of Moses,testament-the-story-of-moses-9de3d,netflix,2024,TV-14,1,3,150,4,3
Thai Cave Rescue,thai-cave-rescue-00073,netflix,2022,TV-PG,1,6,113,4,6
That '90s Show,that-90s-show-0a832,netflix,2023,TV-14,2,18,838,5,18
That Night,that-night-23bae,netflix,2026,TV-MA,1,6,341,5,6
The 'Burbs,the-burbs-427ae,peacock,2026,TV-MA,1,8,565,5,8
The Abandons,the-abandons-6a0a8,netflix,2025,TV-MA,1,7,382,5,7
The Accident,the-accident-2674a,netflix,2024,TV-MA,2,16,1715,5,16
The Afterparty,the-afterparty-e72cc,appletv,2022,TV-MA,2,18,1366,5,18
The Agency,the-agency-555ca,paramount,2024,TV-MA,1,10,552,5,10
The Americas,the-americas-56e33,peacock,2025,TV-PG,1,11,263,4,11
The Assassin,the-assassin-11865,amazon-channels-amc,2025,TV-MA,1,6,640,5,6
The Asset,the-asset-5f558,netflix,2025,TV-MA,1,6,337,5,6
The Baby-Sitters Club,the-baby-sitters-club-5920a,netflix,2020,TV-PG,2,18,307,5,18
The Baxters,the-baxters-63749,amazon-prime,2024,TV-14,1,10,142,5,10
The Bay,the-bay-bf4e3,amazon-channels-britbox,2019,TV-14,5,30,1324,5,30
The Better Sister,the-better-sister-59b4f,amazon-prime,2025,TV-14,1,8,907,5,8
The Big Conn,the-big-conn-1b8fd,appletv,2022,TV-MA,1,4,111,4,4
The Big Door Prize,the-big-door-prize-4b306,appletv,2023,TV-MA,2,20,1023,5,20
The Big Show Show,the-big-show-show-44f9e,netflix,2020,TV-G,1,8,203,5,8
The Billion Dollar Code,the-billion-dollar-code-157af,netflix,2021,TV-MA,1,4,153,5,4
The Blacklist,the-blacklist-9e1e7,netflix,2013,TV-14,10,218,8459,5,218
The Boarding School: Las Cumbres,the-boarding-school-las-cumbres-8d796,amazon-prime,2021,TV-MA,1,8,524,5,8
The Bondsman,the-bondsman-9e520,amazon-prime,2025,TV-MA,1,8,607,4,8
The Boss Baby: Back in Business,the-boss-baby-back-in-business-b3df0,netflix,2018,TV-Y7,4,49,1651,5,49
The Boss Baby: Back in the Crib,the-boss-baby-back-in-the-crib-13536,netflix,2022,TV-Y7,1,12,278,4,12
The Boys,the-boys-8fa18,amazon-prime,2019,TV-MA,5,40,9368,5,40
The Boys Presents: Diabolical,the-boys-presents-diabolical-03ac7,amazon-prime,2022,TV-MA,1,8,640,5,8
The Breakthrough,the-breakthrough-50cfa,netflix,2025,TV-14,1,4,50,5,4
The Brothers Sun,the-brothers-sun-f3a06,netflix,2024,TV-MA,1,8,646,5,8
The Buccaneers,the-buccaneers-4f9ce,appletv,2023,TV-14,2,16,1186,5,16
The Calling,the-calling-fd019,peacock,2022,TV-MA,1,8,335,5,8
The Chair,the-chair-260f7,netflix,2021,TV-MA,1,6,242,5,6
The Changeling,the-changeling-85f31,appletv,2023,TV-MA,1,8,533,4,8
The Chestnut Man,the-chestnut-man-0e913,netflix,2021,TV-MA,2,12,445,4,12
The Chosen,the-chosen-02b37,amazon-prime,2019,NR,5,40,626,5,40
The Chosen One,the-chosen-one-2de3d,netflix,2023,TV-MA,1,6,319,5,6
The Clubhouse: A Year with the Red Sox,the-clubhouse-a-year-with-the-red-sox-04405,netflix,2025,TV-MA,1,8,540,4,8
The Completely Made-Up Adventures of Dick Turpin,the-completely-made-up-adventures-of-dick-turpin-d96b2,appletv,2024,TV-14,1,6,244,5,6
The Consultant,the-consultant-1588f,amazon-prime,2023,TV-MA,1,8,397,5,8
The Continental: From the World of John Wick,the-continental-from-the-world-of-john-wick-070fc,peacock,2023,TV-MA,1,3,603,5,3
The Cook of Castamar,the-cook-of-castamar-94ec5,netflix,2021,TV-MA,1,12,679,5,12
The Copenhagen Test,the-copenhagen-test-6ddf2,peacock,2025,TV-MA,1,8,250,5,8
The Count of Monte Cristo,the-count-of-monte-cristo-f473c,amazon-channels-pbs,2025,TV-MA,1,8,240,4,8
The Couple Next Door,the-couple-next-door-79579,amazon-channels-starz,2023,TV-MA,1,6,663,5,6
The Crowded Room,the-crowded-room-f0e15,appletv,2023,TV-MA,1,10,865,5,10
The Crown,the-crown-ef9f9,netflix,2016,TV-MA,6,60,1504,5,60
The Curse,the-curse-7efa6,amazon-channels-paramount,2023,TV-MA,1,10,507,5,10
The Dark Crystal: Age of Resistance,the-dark-crystal-age-of-resistance-1c478,netflix,2019,TV-PG,1,10,476,5,10
The Day of the Jackal,the-day-of-the-jackal-ed8c5,peacock,2024,TV-MA,1,10,507,4,10
The Decameron,the-decameron-9268f,netflix,2024,TV-MA,1,8,813,4,8
The Devil Next Door,the-devil-next-door-65e7e,netflix,2019,TV-MA,1,5,80,4,5
The Devil's Hour,the-devils-hour-f1222,amazon-prime,2022,TV-MA,2,11,562,5,11
The Diamond Heist,the-diamond-heist-5d4af,netflix,2025,TV-MA,1,3,64,3,3
The Diplomat,the-diplomat-cdb52,netflix,2023,TV-MA,3,22,1320,5,22
The Dragon Prince,the-dragon-prince-afcaa,netflix,2018,TV-PG,5,45,976,5,45
The Duchess,the-duchess-d0a90,netflix,2020,TV-MA,1,6,516,5,6
The Durrells,the-durrells-7e63d,amazon-prime,2016,TV-PG,4,26,1251,5,26
The Dynasty: New England Patriots,the-dynasty-new-england-patriots-ed1aa,appletv,2024,TV-MA,1,10,369,5,10
The Empress,the-empress-c429d,netflix,2022,TV-MA,2,12,472,5,12
The Enfield Poltergeist,the-enfield-poltergeist-0af52,appletv,2023,TV-MA,1,4,78,4,4
The English,the-english-0b52e,amazon-prime,2022,TV-MA,1,6,332,4,6
The English Game,the-english-game-8fa23,netflix,2020,TV-14,1,6,200,5,6
The Envoys,the-envoys-ebf5b,amazon,2021,TV-MA,1,8,303,5,8
The Equalizer,the-equalizer-26093,amazon-channels-paramount,2021,TV-14,2,28,1159,5,28
The Essex Serpent,the-essex-serpent-d6e87,appletv,2022,TV-14,1,6,217,5,6
The Eternaut,the-eternaut-36f5d,netflix,2025,TV-MA,1,6,334,4,6
The Expanse,the-expanse-53d7f,amazon-prime,2015,TV-14,6,62,3465,5,62
The Fall,the-fall-fa25d,amazon-prime,2013,TV-MA,3,17,1003,5,17
The Fall and Rise of Reggie Dinkins,the-fall-and-rise-of-reggie-dinkins-99e7b,peacock,2026,TV-14,1,10,527,5,10
The Fall of the House of Usher,the-fall-of-the-house-of-usher-3712c,netflix,2023,TV-MA,1,8,1163,5,8
The Family,the-family-dbe9d,netflix,2019,TV-14,1,5,98,5,5
The Feed,the-feed-5489c,amazon-prime,2019,TV-MA,1,10,914,5,10
The Five Juanas,the-five-juanas-ba33e,netflix,2021,TV-MA,1,18,1170,5,18
The Four Seasons,the-four-seasons-e1a0c,netflix,2025,TV-MA,1,8,575,5,8
The Gardener,the-gardener-55ff7,netflix,2025,TV-MA,1,6,242,5,6
The Gentlemen,the-gentlemen-d0c19,netflix,2024,TV-MA,1,8,859,5,8
The Gift,the-gift-47c52,netflix,2019,TV-MA,3,24,701,4,24
The Girl in the Mirror,the-girl-in-the-mirror-c7a2b,netflix,2022,TV-MA,1,9,344,5,9
The Girlfriend,the-girlfriend-1d53d,amazon-prime,2025,TV-MA,1,6,739,5,6
The Glass Dome,the-glass-dome-43130,netflix,2025,TV-MA,1,6,246,5,6
The Glory,the-glory-c4a98,netflix,2022,TV-MA,1,16,1282,5,16
The Good Cop,the-good-cop-3d532,netflix,2018,TV-14,1,10,442,5,10
The Good Fight,the-good-fight-74d5f,paramount,2017,TV-MA,6,60,3201,5,60
The Good Lord Bird,the-good-lord-bird-f2741,amazon,2020,TV-MA,1,7,445,5,7
The Good Place,the-good-place-5822a,amazon-prime,2016,TV-14,4,50,1579,5,50
The Good Wife,the-good-wife-ca7de,paramount,2009,TV-14,6,134,4836,5,134
The Grand Tour,the-grand-tour-13301,amazon-prime,2016,TV-14,6,46,2880,5,46
The Gray House,the-gray-house-601bb,amazon-prime,2026,TV-MA,1,8,844,4,8
The Great Escapists,the-great-escapists-b2954,amazon-prime,2021,TV-14,1,6,142,5,6
The Haunting of Bly Manor,the-haunting-of-bly-manor-eb32d,netflix,2020,TV-MA,1,9,346,5,9
The Haunting of Hill House,the-haunting-of-hill-house-c59cf,netflix,2018,TV-MA,1,10,706,5,10
The Healing Powers of Dude,the-healing-powers-of-dude-6ea16,netflix,2020,TV-G,1,8,209,5,8
The House of the Spirits,the-house-of-the-spirits-765d6,amazon-prime,2026,TV-MA,1,8,430,5,8
The Hunt,the-hunt-55014,appletv,2026,TV-MA,1,6,594,5,6
The Hunting Party,the-hunting-party-7d874,netflix,2025,TV-14,2,23,1118,5,23
The Hunting Wives,the-hunting-wives-c96fa,netflix,2025,TV-MA,1,8,1236,5,8
The I-Land,the-i-land-d1d11,netflix,2019,TV-MA,1,7,601,4,7
The Imperfects,the-imperfects-d03ba,netflix,2022,TV-MA,1,10,655,5,10
The Innocence Files,the-innocence-files-eaefb,netflix,2020,TV-MA,1,9,376,5,9
The Innocent,the-innocent-d5717,netflix,2021,TV-MA,1,8,929,5,8
The Innocents,the-innocents-11bed,netflix,2018,TV-MA,1,8,341,5,8
The Institute,the-institute-d4b15,amazon-channels-mgm,2025,TV-MA,1,8,581,5,8
The Ipcress File,the-ipcress-file-91a00,amazon-channels-amc,2022,TV-14,1,7,246,5,7
The Irregulars,the-irregulars-3d88b,netflix,2021,TV-14,1,8,582,5,8
The IT Crowd,the-it-crowd-bb23d,amazon-prime,2006,TV-MA,2,12,622,5,12
The Kids in the Hall,the-kids-in-the-hall-8c9b0,amazon-prime,2022,TV-MA,1,8,405,5,8
The Kingdom,the-kingdom-e09a5,netflix,2021,TV-MA,1,8,184,5,8
The Lady's Companion,the-ladys-companion-67d7a,netflix,2025,TV-MA,1,8,260,5,8
The Lake,the-lake-eed05,amazon-prime,2022,TV-MA,1,8,688,5,8
The Last Bus,the-last-bus-9d203,netflix,2022,TV-PG,1,10,265,3,10
The Last Czars,the-last-czars-958f9,netflix,2019,TV-MA,1,6,305,5,6
The Last Days of Ptolemy Grey,the-last-days-of-ptolemy-grey-6305b,appletv,2022,TV-MA,1,6,421,5,6
The Last Frontier,the-last-frontier-43c1e,appletv,2025,TV-MA,1,10,906,4,10
The Last Kingdom,the-last-kingdom-10997,netflix,2015,TV-MA,5,46,2828,5,46
The Last Narc,the-last-narc-0557d,amazon-prime,2020,TV-MA,1,4,148,5,4
The Last Tycoon,the-last-tycoon-586a8,amazon-prime,2017,TV-MA,1,8,339,5,8
The Law According to Lidia Poët,the-law-according-to-lidia-poet-7b066,netflix,2023,TV-MA,3,18,609,5,18
The Legend of El Cid,the-legend-of-el-cid-9c07a,amazon-prime,2020,TV-14,2,10,642,5,10
The Legend of Vox Machina,the-legend-of-vox-machina-551d6,amazon-prime,2022,TV-MA,3,36,2725,4,36
The Leopard,the-leopard-6c23c,netflix,2025,TV-MA,1,6,192,5,6
The Letter for the King,the-letter-for-the-king-2b944,netflix,2020,TV-PG,1,6,323,5,6
The Long Call,the-long-call-a7091,amazon-channels-britbox,2021,TV-14,1,4,115,5,4
The Longest Night,the-longest-night-19b9b,netflix,2022,TV-MA,1,6,410,4,6
The Lord of the Rings: The Rings of Power,the-lord-of-the-rings-the-rings-of-power-f175b,amazon-prime,2022,TV-14,2,16,839,5,16
The Lost Flowers of Alice Hart,the-lost-flowers-of-alice-hart-66a77,amazon-prime,2023,TV-14,1,7,391,5,7
The Lost Pirate Kingdom,the-lost-pirate-kingdom-8eb54,netflix,2021,TV-MA,1,6,348,5,6
The Madison,the-madison-cfe21,paramount,2026,TV-MA,1,6,389,4,6
The Madness,the-madness-cc4f6,netflix,2024,TV-MA,1,8,665,5,8
The Magicians,the-magicians-fbe9a,amazon-prime,2015,TV-MA,3,39,3669,5,39
The Mallorca Files,the-mallorca-files-f0e76,amazon-prime,2019,TV-PG,1,10,704,5,10
The Man in the High Castle,the-man-in-the-high-castle-e0b3c,netflix,2015,TV-MA,4,40,1742,5,40
The Man with 1000 Kids,the-man-with-1000-kids-11fb9,netflix,2024,TV-MA,1,3,197,4,3
The Marked Heart,the-marked-heart-7db2b,netflix,2022,TV-MA,2,24,2158,5,24
The Marvelous Mrs. Maisel,the-marvelous-mrs-maisel-91aa6,amazon-prime,2017,TV-MA,5,43,4037,5,43
The Mess You Leave Behind,the-mess-you-leave-behind-0c1a0,netflix,2020,TV-MA,1,8,812,5,8
The Midnight Club,the-midnight-club-b6c6a,netflix,2022,TV-MA,1,10,750,5,10
The Mighty Nein,the-mighty-nein-b4e90,amazon-prime,2025,TV-MA,1,8,946,4,8
The Miniature Wife,the-miniature-wife-98b25,peacock,2026,TV-MA,1,10,1022,5,10
The Minions of Midas,the-minions-of-midas-86888,netflix,2020,TV-MA,1,6,215,5,6
The Mole,the-mole-70083,netflix,2022,TV-MA,2,20,1098,4,20
The Morning Show,the-morning-show-bf341,appletv,2019,TV-MA,4,40,4270,5,40
The Mosquito Coast,the-mosquito-coast-2850b,appletv,2021,TV-MA,2,17,929,5,17
The Movies That Made Us,the-movies-that-made-us-aa8d8,netflix,2019,TV-MA,1,4,338,5,4
The Narrow Road to the Deep North,the-narrow-road-to-the-deep-north-831e0,amazon-prime,2025,TV-MA,1,5,433,5,5
The New Look,the-new-look-283e8,appletv,2024,TV-MA,1,10,371,5,10
The Night Agent,the-night-agent-1dbaf,netflix,2023,TV-MA,3,30,1508,5,30
The Night Manager,the-night-manager-1697f,amazon-prime,2016,TV-MA,2,12,853,5,12
The North Water,the-north-water-8c220,amazon-channels-amc,2021,TV-MA,1,5,452,5,5
The Nurse,the-nurse-5bf45,netflix,2023,TV-MA,1,4,93,4,4
The OA,the-oa-c5997,netflix,2016,TV-MA,2,16,817,5,16
The Offer,the-offer-b2ce0,amazon-channels-paramount,2022,TV-MA,1,10,1045,5,10
The Office,the-office-48449,peacock,2005,TV-PG,9,204,5541,5,204
The Office: Superfan Episodes,the-office-d8c99,peacock,2005,TV-14,1,6,247,5,6
The One,the-one-93039,netflix,2021,TV-MA,1,8,433,5,8
The Order,the-order-1c548,netflix,2019,TV-MA,2,20,1334,5,20
The Other Bennet Sister,the-other-bennet-sister-22325,amazon-channels-britbox,2026,TV-G,1,5,275,5,5
The Outlaws,the-outlaws-9a3bc,amazon-prime,2021,TV-MA,3,17,1420,5,17
The Paper,the-paper-41f31,peacock,2025,TV-14,1,10,547,5,10
The Pentaverate,the-pentaverate-82107,netflix,2022,TV-MA,1,6,459,5,6
The Perfect Couple,the-perfect-couple-b1052,netflix,2024,TV-MA,1,6,643,5,6
The Perfect Mother,the-perfect-mother-38b3d,netflix,2022,TV-MA,1,4,250,5,4
The Pharmacist,the-pharmacist-d527e,netflix,2020,TV-MA,1,4,123,5,4
The Power,the-power-3b3b1,amazon-prime,2023,TV-MA,1,9,1171,5,9
The Problem with Jon Stewart,the-problem-with-jon-stewart-f9c75,appletv,2021,TV-MA,1,8,341,5,8
"The Program: Cons, Cults, and Kidnapping",the-program-cons-cults-and-kidnapping-294fd,netflix,2024,TV-MA,1,3,263,5,3
The Protector,the-protector-29e29,netflix,2018,TV-MA,4,32,1939,5,32
The Puppet Master: Hunting the Ultimate Conman,the-puppet-master-hunting-the-ultimate-conman-f6c13,netflix,2022,TV-MA,1,3,39,3,3
The Pursuit of Love,the-pursuit-of-love-f719f,amazon-prime,2021,TV-14,1,3,296,5,3
The Queen's Gambit,the-queens-gambit-5e739,netflix,2020,TV-MA,1,7,328,5,7
The Railway Men - The Untold Story of Bhopal 1984,the-railway-men-the-untold-story-of-bhopal-1984-c345d,netflix,2023,TV-MA,1,4,254,5,4
The Rain,the-rain-56ddc,netflix,2018,TV-MA,3,20,1127,5,20
The Ranch,the-ranch-cec99,netflix,2016,TV-MA,8,80,5143,5,80
The Recruit,the-recruit-d7e39,netflix,2022,TV-MA,2,14,1286,4,14
The Reluctant Traveller with Eugene Levy,the-reluctant-traveller-with-eugene-levy-9f61f,appletv,2023,TV-PG,2,15,360,5,15
The Residence,the-residence-a574f,netflix,2025,TV-MA,1,8,567,4,8
The Responder,the-responder-b4d76,amazon-channels-britbox,2022,TV-MA,1,6,634,5,6
The Rig,the-rig-64944,amazon-prime,2023,TV-MA,2,12,587,4,12
The Ripper,the-ripper-8cfd0,netflix,2020,TV-MA,1,4,149,4,4
The Romanoffs,the-romanoffs-2aaf8,amazon-prime,2018,TV-MA,1,8,639,5,8
The Runarounds,the-runarounds-88eee,amazon-prime,2025,TV-MA,1,8,1684,5,8
The Serpent,the-serpent-d0da2,netflix,2021,TV-MA,1,8,578,5,8
The Serpent Queen,the-serpent-queen-5e21a,amazon-channels-starz,2022,TV-MA,2,16,1244,5,16
The Shrink Next Door,the-shrink-next-door-2ca94,appletv,2021,TV-MA,1,8,258,4,8
The Signal,the-signal-c9259,netflix,2024,TV-MA,1,4,198,5,4
The Silent Sea,the-silent-sea-9aec6,netflix,2021,TV-MA,1,8,273,3,8
The Sinner,the-sinner-46324,netflix,2017,TV-14,4,32,1594,5,32
The Snow Girl,the-snow-girl-7be42,netflix,2023,TV-MA,2,12,493,5,12
The Society,the-society-e4f3d,netflix,2019,TV-MA,1,10,1166,5,10
The Sons of Sam: A Descent into Darkness,the-sons-of-sam-a-descent-into-darkness-325ad,netflix,2021,TV-MA,1,4,213,4,4
The Spanish Princess,the-spanish-princess-60980,amazon-channels-starz,2019,TV-MA,2,16,934,5,16
The Spy,the-spy-50ddc,netflix,2019,TV-MA,1,6,165,5,6
The Staircase,the-staircase-de835,netflix,2004,TV-MA,1,13,466,4,13
The Stand,the-stand-76041,amazon-channels-paramount,2020,TV-MA,1,9,1167,5,9
The Sticky,the-sticky-2d499,amazon-prime,2024,TV-MA,1,6,494,4,6
The Stranger,the-stranger-3b609,netflix,2020,TV-MA,1,8,471,5,8
The Studio,the-studio-aaa9e,appletv,2025,TV-MA,1,10,1681,5,10
The Summer I Turned Pretty,the-summer-i-turned-pretty-565a2,amazon-prime,2022,TV-14,3,26,2800,5,26
The Survivors,the-survivors-fc4ca,netflix,2025,TV-MA,1,6,424,5,6
The Tailor,the-tailor-5f63c,netflix,2023,TV-MA,3,23,990,5,23
The Tattooist of Auschwitz,the-tattooist-of-auschwitz-f4ca4,peacock,2024,TV-MA,1,6,286,4,6
The Terminal List,the-terminal-list-e75c1,amazon-prime,2022,TV-MA,1,8,654,4,8
The Terminal List: Dark Wolf,the-terminal-list-dark-wolf-6edc1,amazon-prime,2025,TV-MA,1,7,685,4,7
The Tick,the-tick-6fc85,amazon-prime,2016,TV-MA,2,22,785,5,22
The Tourist,the-tourist-ecefd,netflix,2022,TV-MA,2,12,1009,5,12
The Tower,the-tower-0dc69,amazon-channels-britbox,2021,TV-14,3,11,662,5,11
The Traitors,the-traitors-49794,peacock,2022,TV-MA,1,12,642,4,12
The Traitors,the-traitors-8a663,peacock,2023,TV-14,4,47,5952,5,47
The Trial,the-trial-0dac0,netflix,2019,TV-MA,1,8,339,5,8
The Trials of Gabriel Fernandez,the-trials-of-gabriel-fernandez-0b9bf,netflix,2020,TV-MA,1,6,239,5,6
The Trust,the-trust-5fac4,netflix,2024,TV-MA,1,8,1108,3,8
The Tudors,the-tudors-ba8c5,amazon-prime,2007,TV-MA,4,38,2881,5,38
The Twilight Zone,the-twilight-zone-48d4b,amazon,2019,TV-MA,2,20,1143,5,20
The Ultimatum: Marry or Move On,the-ultimatum-marry-or-move-on-b85eb,netflix,2022,TV-MA,3,30,3548,4,30
The Umbrella Academy,the-umbrella-academy-d40ca,netflix,2019,TV-MA,4,36,3713,5,36
The Undeclared War,the-undeclared-war-9a9a6,peacock,2022,TV-MA,1,6,120,4,6
The Underground Railroad,the-underground-railroad-b04fc,amazon-prime,2021,TV-MA,1,10,438,5,10
The Upshaws,the-upshaws-af5e0,netflix,2021,TV-14,2,18,1272,5,18
The Village,the-village-251f1,amazon-prime,2013,TV-14,1,6,266,5,6
The Walking Dead,the-walking-dead-b1880,netflix,2010,TV-MA,11,177,11523,5,177
The Walking Dead: Daryl Dixon,the-walking-dead-daryl-dixon-fbe6d,netflix,2023,TV-MA,3,19,1849,5,19
The Walking Dead: Dead City,the-walking-dead-dead-city-5fddb,netflix,2023,TV-MA,2,14,1019,5,14
The Walking Dead: The Ones Who Live,the-walking-dead-the-ones-who-live-87af8,amazon-channels-amc,2024,TV-MA,1,6,679,4,6
The Walking Dead: World Beyond,the-walking-dead-world-beyond-dd5ed,amazon-channels-amc,2020,TV-MA,2,20,1025,5,20
The Watcher,the-watcher-d593b,netflix,2022,TV-MA,1,7,466,5,7
The Waterfront,the-waterfront-3c383,netflix,2025,TV-MA,1,8,725,5,8
The Way Home,the-way-home-6bfae,netflix,2023,TV-14,2,20,615,5,20
The Wheel of Time,the-wheel-of-time-f5799,amazon-prime,2021,TV-MA,3,24,1674,5,24
The White Princess,the-white-princess-80135,amazon-channels-starz,2017,TV-MA,1,8,437,4,8
The White Queen,the-white-queen-163c3,amazon-channels-starz,2013,TV-MA,1,10,535,4,10
The Wingfeather Saga,the-wingfeather-saga-61606,vidangel,2022,NR,1,6,157,3,6
The Winter King,the-winter-king-c138c,amazon-prime,2023,TV-MA,1,10,553,4,10
The Witcher,the-witcher-d8ac4,netflix,2019,TV-MA,4,32,3357,5,32
The Witcher: Blood Origin,the-witcher-blood-origin-26555,netflix,2022,TV-MA,1,4,392,5,4
The Woman in the House Across the Street from the Girl in the Window,the-woman-in-the-house-across-the-street-from-the-girl-in-the-window-b5cc2,netflix,2022,TV-MA,1,8,334,4,8
The Woman in the Wall,the-woman-in-the-wall-d9143,amazon-channels-paramount,2023,TV-MA,1,6,309,5,6
The Woods,the-woods-9f150,netflix,2020,TV-MA,1,6,280,5,6
The Åre Murders,the-are-murders-0d6ac,netflix,2025,TV-MA,1,5,256,5,5
Them,them-fa940,amazon-prime,2021,TV-MA,2,18,1105,5,18
They Call Me Magic,they-call-me-magic-1ae72,appletv,2022,TV-MA,1,4,122,5,4
Thicker Than Water,thicker-than-water-17372,netflix,2023,TV-MA,1,8,501,5,8
This Is a Robbery: The World's Biggest Art Heist,this-is-a-robbery-the-worlds-biggest-art-heist-59b6c,netflix,2021,TV-MA,1,4,127,5,4
This Is Going to Hurt,this-is-going-to-hurt-ceb91,amazon-channels-amc,2022,TV-14,1,7,775,5,7
This Is the Zodiac Speaking,this-is-the-zodiac-speaking-8bf60,netflix,2024,TV-MA,1,3,90,5,3
Those About to Die,those-about-to-die-1d2ee,peacock,2024,TV-MA,1,10,878,5,10
Three Pines,three-pines-ef6e5,amazon-prime,2022,TV-MA,1,8,342,5,8
Tidelands,tidelands-5c8fc,netflix,2018,TV-MA,1,8,762,4,8
Tiger King,tiger-king-91c22,netflix,2020,TV-MA,2,13,1126,5,13
Tiger King: The Doc Antle Story,tiger-king-the-doc-antle-story-396c7,netflix,2021,TV-MA,1,3,117,4,3
Time,time-5541a,amazon-channels-britbox,2021,TV-14,1,3,256,5,3
Time Bandits,time-bandits-36e61,appletv,2024,TV-PG,1,10,396,5,10
Timeless,timeless-6e66f,amazon-prime,2016,TV-14,2,28,1506,5,28
Tin Star,tin-star-4311c,amazon-prime,2017,TV-MA,3,26,2213,5,26
Tiny Pretty Things,tiny-pretty-things-d1fdb,netflix,2020,TV-MA,1,10,1084,5,10
Tires,tires-86e96,netflix,2024,TV-MA,2,18,2002,5,18
Tom Clancy's Jack Ryan,tom-clancys-jack-ryan-e82e6,amazon-prime,2018,TV-MA,4,30,1579,5,30
Too Much,too-much-d482e,netflix,2025,TV-MA,1,10,1283,5,10
Too Old to Die Young,too-old-to-die-young-a21f3,amazon-prime,2019,TV-MA,1,10,745,5,10
Top Boy,top-boy-007cf,netflix,2019,TV-MA,1,10,1231,5,10
Tour de France: Unchained,tour-de-france-unchained-f521d,netflix,2023,TV-MA,3,24,937,4,24
Towards Zero,towards-zero-3161d,amazon-channels-britbox,2025,TV-MA,1,3,145,4,3
Toxic Town,toxic-town-9d533,netflix,2025,TV-MA,1,4,272,5,4
Traces,traces-238d7,amazon-channels-britbox,2019,TV-14,2,12,584,5,12
Transatlantic,transatlantic-47fd2,netflix,2023,TV-14,1,7,321,5,7
Transformers: War for Cybertron: Kingdom,transformers-war-for-cybertron-kingdom-8827e,netflix,2021,TV-Y7,1,6,171,2,6
Transformers: War for Cybertron: Siege,transformers-war-for-cybertron-siege-02344,netflix,2020,TV-Y7,1,6,179,3,6
Transparent,transparent-4ecec,amazon-prime,2014,TV-MA,2,20,1709,5,20
Travelers,travelers-520fe,netflix,2016,TV-MA,3,34,1585,5,34
Treadstone,treadstone-f125a,amazon,2019,TV-MA,1,10,676,5,10
Treason,treason-62cc7,netflix,2022,TV-MA,1,5,169,4,5
Trial 4,trial-4-6886c,netflix,2020,TV-MA,1,8,180,5,8
Trial by Media,trial-by-media-c0a17,netflix,2020,TV-MA,1,6,235,4,6
Tribes of Europa,tribes-of-europa-b0362,netflix,2021,TV-MA,1,6,440,5,6
Trigger Point,trigger-point-938a2,peacock,2022,TV-MA,1,6,348,4,6
Trinkets,trinkets-10df2,netflix,2019,TV-MA,1,10,451,5,10
Triptych,triptych-accb1,netflix,2023,TV-MA,1,8,615,5,8
Trollhunters: Tales of Arcadia,trollhunters-tales-of-arcadia-d0aa3,netflix,2016,TV-Y7,1,26,837,5,26
Troppo,troppo-10774,amazon-prime,2022,TV-14,2,16,2046,5,16
Troy: Fall of a City,troy-fall-of-a-city-98762,netflix,2018,TV-MA,1,8,664,5,8
True Haunting,true-haunting-b4aa5,netflix,2025,TV-MA,1,5,136,5,5
True Story,true-story-aad0e,netflix,2021,TV-MA,1,7,980,4,7
Trust Me: The False Prophet,trust-me-the-false-prophet-5a46f,netflix,2026,TV-MA,1,4,129,3,4
Truth Be Told,truth-be-told-fffe7,appletv,2019,TV-MA,3,28,1793,5,28
Trying,trying-9f3de,appletv,2020,TV-14,4,32,1148,5,32
Tulsa King,tulsa-king-bbb5c,paramount,2022,TV-MA,3,29,3024,5,29
Turn Up Charlie,turn-up-charlie-73e72,netflix,2019,TV-MA,1,8,525,5,8
TURN: Washington's Spies,turn-washingtons-spies-18ed1,amazon-channels-amc,2014,TV-14,4,40,2125,5,40
Turning Point: 9/11 and the War on Terror,turning-point-911-and-the-war-on-terror-281f7,netflix,2021,TV-14,1,5,145,5,5
Turning Point: The Vietnam War,turning-point-the-vietnam-war-e592f,netflix,2025,TV-MA,1,5,220,5,5
Tuttle Twins,tuttle-twins-57539,vidangel,2021,NR,2,26,587,5,26
Twilight of the Gods,twilight-of-the-gods-a68d1,netflix,2024,TV-MA,1,8,715,5,8
Twin Peaks,twin-peaks-b274a,amazon-channels-paramount,1990,TV-MA,3,48,2266,5,48
Twisted Metal,twisted-metal-9b697,peacock,2023,TV-MA,2,22,2795,5,22
Two Summers,two-summers-2948a,netflix,2022,TV-MA,1,6,701,5,6
Unbelievable,unbelievable-a7b44,netflix,2019,TV-MA,1,8,382,5,8
Unbreakable Kimmy Schmidt,unbreakable-kimmy-schmidt-0d95a,netflix,2015,TV-14,4,51,2864,5,51
Unchosen,unchosen-c741a,netflix,2026,TV-MA,1,6,247,5,6
Unconditional,unconditional-a01e5,appletv,2026,TV-MA,1,4,92,4,4
Under Pressure: The U.S. Women's World Cup Team,under-pressure-the-us-womens-world-cup-team-f542e,netflix,2023,TV-MA,1,4,105,4,4
Under the Dome,under-the-dome-f8798,paramount,2013,TV-14,3,39,2327,5,39
Undercover,undercover-89e1b,netflix,2019,TV-MA,3,28,1763,5,28
Undone,undone-d3792,amazon-prime,2019,TV-MA,2,16,401,5,16
Unforgotten,unforgotten-dbc9c,amazon-prime,2015,TV-MA,6,36,1124,5,36
Unlocked: A Jail Experiment,unlocked-a-jail-experiment-82488,netflix,2024,TV-MA,2,16,2821,5,16
Unorthodox,unorthodox-69a44,netflix,2020,TV-MA,1,4,171,5,4
Unseen,unseen-f9d70,netflix,2023,TV-MA,2,12,877,5,12
Unsolved Mysteries,unsolved-mysteries-6ad5b,netflix,2020,TV-MA,4,26,521,5,26
Unstable,unstable-75f33,netflix,2023,TV-14,2,16,488,5,16
Untold: Swamp Kings,untold-swamp-kings-51a11,netflix,2023,TV-MA,1,4,210,4,4
Untold: The Girlfriend Who Didn't Exist,untold-the-girlfriend-who-didnt-exist-b4235,netflix,2022,TV-MA,1,2,37,4,2
Upload,upload-16303,amazon-prime,2020,TV-MA,4,29,2047,5,29
Utopia,utopia-77078,amazon-prime,2020,TV-MA,1,8,761,5,8
V Wars,v-wars-c5e4f,netflix,2019,TV-MA,1,10,638,5,10
Valeria,valeria-b838b,netflix,2020,TV-MA,1,8,694,5,8
Vanished,vanished-0508f,amazon-channels-mgm,2026,TV-MA,1,4,335,4,4
Victoria,victoria-c1912,netflix,2016,TV-PG,3,25,782,5,25
Vienna Blood,vienna-blood-a5ca1,amazon-channels-pbs,2019,TV-MA,3,18,639,5,18
Vietnam: The War That Changed America,vietnam-the-war-that-changed-america-bbeb4,appletv,2025,TV-MA,1,6,168,4,6
Vigil,vigil-5ba53,peacock,2021,TV-MA,2,12,490,4,12
Vikings,vikings-21517,netflix,2013,TV-14,6,89,5064,5,89
Vikings: Valhalla,vikings-valhalla-68699,netflix,2022,TV-MA,3,24,1072,5,24
Virgin River,virgin-river-bee42,netflix,2019,TV-14,7,74,2684,5,74
Voices of Fire,voices-of-fire-0a806,netflix,2020,TV-PG,1,6,63,5,6
Waco,waco-7d092,amazon-channels-paramount,2018,TV-MA,1,6,228,4,6
Waco: American Apocalypse,waco-american-apocalypse-ba925,netflix,2023,TV-MA,1,3,90,3,3
War and Peace,war-and-peace-443e8,amazon-prime,2016,TV-14,1,8,412,5,8
War Sailor,war-sailor-aa901,netflix,2023,TV-MA,1,3,185,5,3
Warehouse 13,warehouse-13-32cde,amazon-prime,2009,TV-14,3,38,2223,5,38
Warrior Nun,warrior-nun-77b04,netflix,2020,TV-MA,2,18,932,5,18
Watson,watson-7c7fd,paramount,2025,TV-14,2,33,966,5,33
Wayne,wayne-c591e,amazon,2019,TV-MA,1,10,2055,5,10
Wayward,wayward-be80c,netflix,2025,TV-MA,1,8,580,5,8
We Were Liars,we-were-liars-9c518,amazon-prime,2025,TV-14,1,8,1220,5,8
"Web of Make Believe: Death, Lies and the Internet",web-of-make-believe-death-lies-and-the-internet-dbc05,netflix,2022,TV-MA,1,6,283,4,6
WeCrashed,wecrashed-6be08,appletv,2022,TV-MA,1,8,452,5,8
Wednesday,wednesday-97259,netflix,2022,TV-14,2,16,994,5,16
Weeds,weeds-b4a36,amazon,2005,TV-MA,3,37,3869,5,37
Welcome to Eden,welcome-to-eden-7abd2,netflix,2022,TV-MA,2,16,1238,5,16
Wellmania,wellmania-79192,netflix,2023,TV-MA,1,8,857,5,8
Wet Hot American Summer: First Day of Camp,wet-hot-american-summer-first-day-of-camp-f08b7,netflix,2015,TV-MA,1,8,799,5,8
Wet Hot American Summer: Ten Years Later,wet-hot-american-summer-ten-years-later-bf820,netflix,2017,TV-MA,1,8,571,5,8
When They See Us,when-they-see-us-d0d7b,netflix,2019,TV-MA,1,4,369,4,4
Where's Wanda?,wheres-wanda-0b619,appletv,2024,TV-14,1,8,490,5,8
White Lines,white-lines-974a7,netflix,2020,TV-MA,1,10,1768,5,10
Who Is Erin Carter?,who-is-erin-carter-3b63e,netflix,2023,TV-MA,1,7,545,5,7
Who Killed Sara?,who-killed-sara-7468a,netflix,2021,TV-MA,3,25,2324,5,25
Who Were We Running From?,who-were-we-running-from-9ee30,netflix,2023,TV-MA,1,7,183,5,7
Why Didn't They Ask Evans?,why-didnt-they-ask-evans-44e81,amazon-channels-britbox,2022,TV-MA,1,3,115,5,3
Why Women Kill,why-women-kill-2666b,amazon-channels-paramount,2019,TV-MA,2,20,1481,5,20
Widow's Bay,widows-bay-14054,appletv,2026,TV-MA,1,5,343,5,5
Wild District,wild-district-3a7b7,netflix,2018,TV-MA,2,20,1151,5,20
Wild Wild Country,wild-wild-country-5f304,netflix,2018,TV-MA,1,6,180,4,6
Wilderness,wilderness-30066,amazon-prime,2023,TV-MA,1,6,417,5,6
With Love,with-love-196b5,amazon-prime,2021,TV-MA,1,5,436,5,5
"With Love, Meghan",with-love-meghan-c60e1,netflix,2025,TV-PG,1,8,113,5,8
Wizards: Tales of Arcadia,wizards-tales-of-arcadia-8bb9a,netflix,2020,TV-Y7,1,10,525,4,10
Wolf Like Me,wolf-like-me-634a9,peacock,2022,TV-MA,2,13,581,5,13
Wolf Pack,wolf-pack-c32ed,amazon,2023,TV-MA,1,8,751,5,8
Woman of the Dead,woman-of-the-dead-e1cd8,netflix,2022,TV-MA,1,6,343,5,6
Women at War,women-at-war-f7fc2,netflix,2022,TV-MA,1,8,600,5,8
Women in Blue,women-in-blue-3ac97,appletv,2024,TV-MA,1,10,784,5,10
WondLa,wondla-630b3,appletv,2024,TV-PG,1,7,156,3,7
Workaholics,workaholics-0bb2d,amazon-channels-paramount,2011,TV-14,1,9,870,5,9
Workin' Moms,workin-moms-ad9c6,netflix,2017,TV-MA,7,83,4507,5,83
World on Fire,world-on-fire-b6ba7,amazon-channels-pbs,2019,TV-14,2,13,817,5,13
World War II: From the Frontlines,world-war-ii-from-the-frontlines-2e19a,netflix,2023,TV-MA,1,6,139,5,6
World's Most Wanted,worlds-most-wanted-8d71c,netflix,2020,TV-14,1,5,125,5,5
Wormwood,wormwood-d57cf,netflix,2017,TV-14,1,6,210,5,6
Worst Ex Ever,worst-ex-ever-fbbef,netflix,2024,TV-MA,2,8,330,4,8
Worst Roommate Ever,worst-roommate-ever-256e9,netflix,2022,TV-MA,2,9,196,5,9
Wrong Side of the Tracks,wrong-side-of-the-tracks-50259,netflix,2022,TV-MA,4,32,5478,5,32
Wu Assassins,wu-assassins-d8407,netflix,2019,TV-MA,1,10,755,5,10
Wyatt Earp and the Cowboy War,wyatt-earp-and-the-cowboy-war-0282c,netflix,2024,TV-14,1,6,428,5,6
"XO, Kitty",xo-kitty-98a6e,netflix,2023,TV-14,3,26,868,5,26
Yellowjackets,yellowjackets-477a2,netflix,2021,TV-MA,3,29,3860,5,29
Yellowstone,yellowstone-a0a90,peacock,2018,TV-MA,5,53,5490,5,53
You Don't Know Me,you-dont-know-me-1cf6e,netflix,2021,TV-MA,1,4,254,5,4
Young Royals,young-royals-4b82b,netflix,2021,TV-MA,2,12,773,5,12
Young Sherlock,young-sherlock-b62de,amazon-prime,2026,PG-13,1,8,410,5,8
Young Wallander,young-wallander-091b1,netflix,2020,TV-MA,2,12,462,5,12
Younger,younger-dc491,netflix,2015,TV-14,7,84,4969,5,84
Your Friends & Neighbors,your-friends-neighbors-5643e,appletv,2025,TV-MA,2,17,2443,5,17
Your Honor,your-honor-df947,netflix,2020,TV-MA,2,20,1260,5,20
Yu Yu Hakusho,yu-yu-hakusho-1b076,netflix,2023,TV-MA,1,5,513,5,5
Zero,zero-0885e,netflix,2021,TV-MA,1,8,258,5,8
Zero Day,zero-day-c0038,netflix,2025,TV-MA,1,6,237,4,6
Zorro,zorro-77656,amazon-prime,2024,TV-14,1,10,575,5,10
Étoile,etoile-25cf9,amazon-prime,2025,TV-MA,1,8,666,4,8
