detail,event_count,file_path,matched_media_id,matched_slug,media_type,plex_guid,sidecar_path,status,title
media directory does not exist,0,F:\MediaStack\data\media\tv\Hunter x Hunter (2011)\Season 03\Hunter x Hunter (2011) - S03E09 - Defeat x And x Reunion.mkv,,,episode,local://23431,,skipped,Hunter x Hunter – Season 3 – Episode 9
media directory does not exist,0,F:\MediaStack\data\media\tv\Hunter x Hunter (2011)\Season 03\Hunter x Hunter (2011) - S03E10 - Chairman x And x Release.mkv,,,episode,local://23432,,skipped,Hunter x Hunter – Season 3 – Episode 10
media directory does not exist,0,F:\MediaStack\data\media\tv\Hunter x Hunter (2011)\Season 03\Hunter x Hunter (2011) - S03E11 - Salvation x And x Future.mkv,,,episode,local://23433,,skipped,Hunter x Hunter – Season 3 – Episode 11
media directory does not exist,0,F:\MediaStack\data\media\tv\Hunter x Hunter (2011)\Season 03\Hunter x Hunter (2011) - S03E12 - Past x And x Future.mkv,,,episode,local://23434,,skipped,Hunter x Hunter – Season 3 – Episode 12
media directory does not exist,0,F:\MediaStack\data\media\tv\Hunter x Hunter (2011)\Season 02\Hunter x Hunter (2011) - S02E66 - Breakdown x And x Awakening.mkv,,,episode,imdb://tt3055178,,skipped,Hunter x Hunter – Season 2 – Strategy x And x Scheme
media directory does not exist,0,F:\MediaStack\data\media\tv\Hunter x Hunter (2011)\Season 02\Hunter x Hunter (2011) - S02E67 - Great Power x And x Ultimate Power.mkv,,,episode,imdb://tt3055180,,skipped,Hunter x Hunter – Season 2 – 15 x 15
media directory does not exist,0,F:\MediaStack\data\media\tv\Hunter x Hunter (2011)\Season 02\Hunter x Hunter (2011) - S02E68 - Zero x And x Rose.mkv,,,episode,imdb://tt3055174,,skipped,Hunter x Hunter – Season 2 – Pirates x And x Guesses
media directory does not exist,0,F:\MediaStack\data\media\tv\Hunter x Hunter (2011)\Season 02\Hunter x Hunter (2011) - S02E69 - Hostility x And x Determination.mkv,,,episode,imdb://tt3055184,,skipped,Hunter x Hunter – Season 2 – A x Heated x Showdown
media directory does not exist,0,F:\MediaStack\data\media\tv\Hunter x Hunter (2011)\Season 02\Hunter x Hunter (2011) - S02E70 - Unparalleled Joy x And x Unconditional Love.mkv,,,episode,imdb://tt3055176,,skipped,Hunter x Hunter – Season 2 – Guts x And x Courage
media directory does not exist,0,F:\MediaStack\data\media\tv\Hunter x Hunter (2011)\Season 02\Hunter x Hunter (2011) - S02E71 - Formidable Enemy x And x Clear Objective.mkv,,,episode,imdb://tt3055182,,skipped,Hunter x Hunter – Season 2 – Bargain x And x Deal
media directory does not exist,0,F:\MediaStack\data\media\tv\Hunter x Hunter (2011)\Season 02\Hunter x Hunter (2011) - S02E72 - Magic x to x Destroy.mkv,,,episode,imdb://tt3055186,,skipped,Hunter x Hunter – Season 2 – Chase x And x Chance
media directory does not exist,0,F:\MediaStack\data\media\tv\Hunter x Hunter (2011)\Season 02\Hunter x Hunter (2011) - S02E73 - Anger x And x Light.mkv,,,episode,imdb://tt3055190,,skipped,Hunter x Hunter – Season 2 – Insanity x And x Sanity
media directory does not exist,0,F:\MediaStack\data\media\tv\Hunter x Hunter (2011)\Season 02\Hunter x Hunter (2011) - S02E74 - Flash x And x Start.mkv,,,episode,imdb://tt3055194,,skipped,Hunter x Hunter – Season 2 – Victor x And x Loser
media directory does not exist,0,F:\MediaStack\data\media\tv\Hunter x Hunter (2011)\Season 02\Hunter x Hunter (2011) - S02E75 - Deadline x To x Live.mkv,,,episode,imdb://tt3055192,,skipped,Hunter x Hunter – Season 2 – Ging's Friends x And x True Friends
media directory does not exist,0,F:\MediaStack\data\media\tv\Hunter x Hunter (2011)\Season 02\Hunter x Hunter (2011) - S02E76 - The Word x Is x You.mkv,,,episode,imdb://tt2919438,,skipped,Hunter x Hunter – Season 2 – Reunion x And x Understanding
media directory does not exist,0,F:\MediaStack\data\media\tv\Hunter x Hunter (2011)\Season 02\Hunter x Hunter (2011) - S02E77 - This Person x And x This Moment.mkv,,,episode,imdb://tt3055198,,skipped,Hunter x Hunter – Season 2 – Unease x And x Sighting
media directory does not exist,0,F:\MediaStack\data\media\tv\Hunter x Hunter (2011)\Season 02\Hunter x Hunter (2011) - S02E78 - Homecoming x And x True Name.mkv,,,episode,imdb://tt3055200,,skipped,Hunter x Hunter – Season 2 – Very x Rapid x Reproduction
media directory does not exist,0,F:\MediaStack\data\media\tv\Hunter x Hunter (2011)\Season 03\Hunter x Hunter (2011) - S03E01 - Debate x Among x Zodiacs.mkv,,,episode,local://23423,,skipped,Hunter x Hunter – Season 3 – Episode 1
media directory does not exist,0,F:\MediaStack\data\media\tv\Hunter x Hunter (2011)\Season 03\Hunter x Hunter (2011) - S03E02 - Request x And x Wish.mkv,,,episode,local://23424,,skipped,Hunter x Hunter – Season 3 – Episode 2
media directory does not exist,0,F:\MediaStack\data\media\tv\Hunter x Hunter (2011)\Season 03\Hunter x Hunter (2011) - S03E03 - Alluka x And x Something.mkv,,,episode,local://23425,,skipped,Hunter x Hunter – Season 3 – Episode 3
media directory does not exist,0,F:\MediaStack\data\media\tv\Hunter x Hunter (2011)\Season 03\Hunter x Hunter (2011) - S03E04 - Joining the Fray x And x Open Hostilities.mkv,,,episode,local://23426,,skipped,Hunter x Hunter – Season 3 – Episode 4
media directory does not exist,0,F:\MediaStack\data\media\tv\Hunter x Hunter (2011)\Season 03\Hunter x Hunter (2011) - S03E05 - Magician x And x Butler.mkv,,,episode,local://23427,,skipped,Hunter x Hunter – Season 3 – Episode 5
media directory does not exist,0,F:\MediaStack\data\media\tv\Hunter x Hunter (2011)\Season 03\Hunter x Hunter (2011) - S03E06 - Needles x And x Debt.mkv,,,episode,local://23428,,skipped,Hunter x Hunter – Season 3 – Episode 6
media directory does not exist,0,F:\MediaStack\data\media\tv\Hunter x Hunter (2011)\Season 03\Hunter x Hunter (2011) - S03E07 - Sin x And x Claw.mkv,,,episode,local://23429,,skipped,Hunter x Hunter – Season 3 – Episode 7
media directory does not exist,0,F:\MediaStack\data\media\tv\Hunter x Hunter (2011)\Season 03\Hunter x Hunter (2011) - S03E08 - Approval x And x Coalition.mkv,,,episode,local://23430,,skipped,Hunter x Hunter – Season 3 – Episode 8
media directory does not exist,0,F:\MediaStack\data\media\tv\Hunter x Hunter (2011)\Season 02\Hunter x Hunter (2011) - S02E39 - Carnage x And x Devastation.mkv,,,episode,local://23381,,skipped,Hunter x Hunter – Season 2 – Episode 39
media directory does not exist,0,F:\MediaStack\data\media\tv\Hunter x Hunter (2011)\Season 02\Hunter x Hunter (2011) - S02E40 - Infiltration x And x Selection.mkv,,,episode,local://23382,,skipped,Hunter x Hunter – Season 2 – Episode 40
media directory does not exist,0,F:\MediaStack\data\media\tv\Hunter x Hunter (2011)\Season 02\Hunter x Hunter (2011) - S02E41 - Combination x And x Evolution.mkv,,,episode,local://23383,,skipped,Hunter x Hunter – Season 2 – Episode 41
media directory does not exist,0,F:\MediaStack\data\media\tv\Hunter x Hunter (2011)\Season 02\Hunter x Hunter (2011) - S02E42 - Tracking x And x Pursuit.mkv,,,episode,local://23384,,skipped,Hunter x Hunter – Season 2 – Episode 42
media directory does not exist,0,F:\MediaStack\data\media\tv\Hunter x Hunter (2011)\Season 02\Hunter x Hunter (2011) - S02E43 - Ikalgo x And x Lightning.mkv,,,episode,local://23385,,skipped,Hunter x Hunter – Season 2 – Episode 43
media directory does not exist,0,F:\MediaStack\data\media\tv\Hunter x Hunter (2011)\Season 02\Hunter x Hunter (2011) - S02E44 - Power x And x Games.mkv,,,episode,local://23386,,skipped,Hunter x Hunter – Season 2 – Episode 44
media directory does not exist,0,F:\MediaStack\data\media\tv\Hunter x Hunter (2011)\Season 02\Hunter x Hunter (2011) - S02E45 - Check x And x Mate.mkv,,,episode,local://23387,,skipped,Hunter x Hunter – Season 2 – Episode 45
media directory does not exist,0,F:\MediaStack\data\media\tv\Hunter x Hunter (2011)\Season 02\Hunter x Hunter (2011) - S02E46 - Doubt x And x Hesitation.mkv,,,episode,local://23388,,skipped,Hunter x Hunter – Season 2 – Episode 46
media directory does not exist,0,F:\MediaStack\data\media\tv\Hunter x Hunter (2011)\Season 02\Hunter x Hunter (2011) - S02E47 - Resolve x And x Awakening.mkv,,,episode,local://23389,,skipped,Hunter x Hunter – Season 2 – Episode 47
media directory does not exist,0,F:\MediaStack\data\media\tv\Hunter x Hunter (2011)\Season 02\Hunter x Hunter (2011) - S02E48 - Knov x And x Morel.mkv,,,episode,local://23390,,skipped,Hunter x Hunter – Season 2 – Episode 48
media directory does not exist,0,F:\MediaStack\data\media\tv\Hunter x Hunter (2011)\Season 02\Hunter x Hunter (2011) - S02E49 - Return x And x Retire.mkv,,,episode,local://23391,,skipped,Hunter x Hunter – Season 2 – Episode 49
media directory does not exist,0,F:\MediaStack\data\media\tv\Hunter x Hunter (2011)\Season 02\Hunter x Hunter (2011) - S02E50 - Gungi x Of x Komugi.mkv,,,episode,local://23392,,skipped,Hunter x Hunter – Season 2 – Episode 50
media directory does not exist,0,F:\MediaStack\data\media\tv\Hunter x Hunter (2011)\Season 02\Hunter x Hunter (2011) - S02E51 - Taking Stock x And x Taking Action.mkv,,,episode,local://23393,,skipped,Hunter x Hunter – Season 2 – Episode 51
media directory does not exist,0,F:\MediaStack\data\media\tv\Hunter x Hunter (2011)\Season 02\Hunter x Hunter (2011) - S02E52 - Confusion x And x Expectation.mkv,,,episode,local://23394,,skipped,Hunter x Hunter – Season 2 – Episode 52
media directory does not exist,0,F:\MediaStack\data\media\tv\Hunter x Hunter (2011)\Season 02\Hunter x Hunter (2011) - S02E53 - Charge x And x Invade.mkv,,,episode,local://23395,,skipped,Hunter x Hunter – Season 2 – Episode 53
media directory does not exist,0,F:\MediaStack\data\media\tv\Hunter x Hunter (2011)\Season 02\Hunter x Hunter (2011) - S02E54 - Monster x And x Monster.mkv,,,episode,local://23396,,skipped,Hunter x Hunter – Season 2 – Episode 54
media directory does not exist,0,F:\MediaStack\data\media\tv\Hunter x Hunter (2011)\Season 02\Hunter x Hunter (2011) - S02E55 - An x Indebted x Insect.mkv,,,episode,local://23397,,skipped,Hunter x Hunter – Season 2 – Episode 55
media directory does not exist,0,F:\MediaStack\data\media\tv\Hunter x Hunter (2011)\Season 02\Hunter x Hunter (2011) - S02E56 - Divide x And x Conquer.mkv,,,episode,local://23398,,skipped,Hunter x Hunter – Season 2 – Episode 56
media directory does not exist,0,F:\MediaStack\data\media\tv\Hunter x Hunter (2011)\Season 02\Hunter x Hunter (2011) - S02E57 - Duty x and x Question.mkv,,,episode,local://23399,,skipped,Hunter x Hunter – Season 2 – Episode 57
media directory does not exist,0,F:\MediaStack\data\media\tv\Hunter x Hunter (2011)\Season 02\Hunter x Hunter (2011) - S02E58 - Revenge x And x Recovery.mkv,,,episode,local://23400,,skipped,Hunter x Hunter – Season 2 – Episode 58
media directory does not exist,0,F:\MediaStack\data\media\tv\Hunter x Hunter (2011)\Season 02\Hunter x Hunter (2011) - S02E59 - Insult x And x Payback.mkv,,,episode,local://23401,,skipped,Hunter x Hunter – Season 2 – Episode 59
media directory does not exist,0,F:\MediaStack\data\media\tv\Hunter x Hunter (2011)\Season 02\Hunter x Hunter (2011) - S02E60 - A x False x Rage.mkv,,,episode,local://23403,,skipped,Hunter x Hunter – Season 2 – Episode 60
media directory does not exist,0,F:\MediaStack\data\media\tv\Hunter x Hunter (2011)\Season 02\Hunter x Hunter (2011) - S02E61 - Strong x Or x Weak.mkv,,,episode,local://23404,,skipped,Hunter x Hunter – Season 2 – Episode 61
media directory does not exist,0,F:\MediaStack\data\media\tv\Hunter x Hunter (2011)\Season 02\Hunter x Hunter (2011) - S02E62 - Fake x And x Real.mkv,,,episode,local://23405,,skipped,Hunter x Hunter – Season 2 – Episode 62
media directory does not exist,0,F:\MediaStack\data\media\tv\Hunter x Hunter (2011)\Season 02\Hunter x Hunter (2011) - S02E63 - Defeat x And x Dignity.mkv,,,episode,imdb://tt3055164,,skipped,Hunter x Hunter – Season 2 – A x Hard x Master?
media directory does not exist,0,F:\MediaStack\data\media\tv\Hunter x Hunter (2011)\Season 02\Hunter x Hunter (2011) - S02E64 - Pose x And x Name.mkv,,,episode,imdb://tt3055166,,skipped,Hunter x Hunter – Season 2 – Strengthen x And x Threaten
media directory does not exist,0,F:\MediaStack\data\media\tv\Hunter x Hunter (2011)\Season 02\Hunter x Hunter (2011) - S02E65 - Centipede x And x Memory.mkv,,,episode,imdb://tt3055170,,skipped,"Hunter x Hunter – Season 2 – Evil Fist x And x Rock, Paper, Scissors"
media directory does not exist,0,F:\MediaStack\data\media\tv\Hunter x Hunter (2011)\Season 02\Hunter x Hunter (2011) - S02E10 - Pirates x And x Guesses.mkv,,,episode,local://23352,,skipped,Hunter x Hunter – Season 2 – Episode 10
media directory does not exist,0,F:\MediaStack\data\media\tv\Hunter x Hunter (2011)\Season 02\Hunter x Hunter (2011) - S02E11 - A x Heated x Showdown.mkv,,,episode,local://23353,,skipped,Hunter x Hunter – Season 2 – Episode 11
media directory does not exist,0,F:\MediaStack\data\media\tv\Hunter x Hunter (2011)\Season 02\Hunter x Hunter (2011) - S02E12 - Guts x And x Courage.mkv,,,episode,local://23354,,skipped,Hunter x Hunter – Season 2 – Episode 12
media directory does not exist,0,F:\MediaStack\data\media\tv\Hunter x Hunter (2011)\Season 02\Hunter x Hunter (2011) - S02E13 - Bargain x And x Deal.mkv,,,episode,local://23355,,skipped,Hunter x Hunter – Season 2 – Episode 13
media directory does not exist,0,F:\MediaStack\data\media\tv\Hunter x Hunter (2011)\Season 02\Hunter x Hunter (2011) - S02E14 - Chase x And x Chance.mkv,,,episode,local://23356,,skipped,Hunter x Hunter – Season 2 – Episode 14
media directory does not exist,0,F:\MediaStack\data\media\tv\Hunter x Hunter (2011)\Season 02\Hunter x Hunter (2011) - S02E15 - Insanity x And x Sanity.mkv,,,episode,local://23357,,skipped,Hunter x Hunter – Season 2 – Episode 15
media directory does not exist,0,F:\MediaStack\data\media\tv\Hunter x Hunter (2011)\Season 02\Hunter x Hunter (2011) - S02E16 - Victor x And x Loser.mkv,,,episode,local://23358,,skipped,Hunter x Hunter – Season 2 – Episode 16
media directory does not exist,0,F:\MediaStack\data\media\tv\Hunter x Hunter (2011)\Season 02\Hunter x Hunter (2011) - S02E17 - Ging's Friends x And x True Friends.mkv,,,episode,local://23359,,skipped,Hunter x Hunter – Season 2 – Episode 17
media directory does not exist,0,F:\MediaStack\data\media\tv\Hunter x Hunter (2011)\Season 02\Hunter x Hunter (2011) - S02E18 - Reunion x And x Understanding.mkv,,,episode,local://23360,,skipped,Hunter x Hunter – Season 2 – Episode 18
media directory does not exist,0,F:\MediaStack\data\media\tv\Hunter x Hunter (2011)\Season 02\Hunter x Hunter (2011) - S02E19 - Unease x And x Sighting.mkv,,,episode,local://23361,,skipped,Hunter x Hunter – Season 2 – Episode 19
media directory does not exist,0,F:\MediaStack\data\media\tv\Hunter x Hunter (2011)\Season 02\Hunter x Hunter (2011) - S02E20 - Very x Rapid x Reproduction.mkv,,,episode,local://23362,,skipped,Hunter x Hunter – Season 2 – Episode 20
media directory does not exist,0,F:\MediaStack\data\media\tv\Hunter x Hunter (2011)\Season 02\Hunter x Hunter (2011) - S02E21 - No x Good x NGL.mkv,,,episode,local://23363,,skipped,Hunter x Hunter – Season 2 – Episode 21
media directory does not exist,0,F:\MediaStack\data\media\tv\Hunter x Hunter (2011)\Season 02\Hunter x Hunter (2011) - S02E22 - Evil x And x Terrible.mkv,,,episode,local://23364,,skipped,Hunter x Hunter – Season 2 – Episode 22
media directory does not exist,0,F:\MediaStack\data\media\tv\Hunter x Hunter (2011)\Season 02\Hunter x Hunter (2011) - S02E23 - The x Fight x Begins.mkv,,,episode,local://23365,,skipped,Hunter x Hunter – Season 2 – Episode 23
media directory does not exist,0,F:\MediaStack\data\media\tv\Hunter x Hunter (2011)\Season 02\Hunter x Hunter (2011) - S02E24 - Kite x And x Slots.mkv,,,episode,local://23366,,skipped,Hunter x Hunter – Season 2 – Episode 24
media directory does not exist,0,F:\MediaStack\data\media\tv\Hunter x Hunter (2011)\Season 02\Hunter x Hunter (2011) - S02E25 - Inspiration x To x Evolve.mkv,,,episode,local://23367,,skipped,Hunter x Hunter – Season 2 – Episode 25
media directory does not exist,0,F:\MediaStack\data\media\tv\Hunter x Hunter (2011)\Season 02\Hunter x Hunter (2011) - S02E26 - A x Fated x Awakening.mkv,,,episode,local://23368,,skipped,Hunter x Hunter – Season 2 – Episode 26
media directory does not exist,0,F:\MediaStack\data\media\tv\Hunter x Hunter (2011)\Season 02\Hunter x Hunter (2011) - S02E27 - Light x And x Dark.mkv,,,episode,local://23369,,skipped,Hunter x Hunter – Season 2 – Episode 27
media directory does not exist,0,F:\MediaStack\data\media\tv\Hunter x Hunter (2011)\Season 02\Hunter x Hunter (2011) - S02E28 - Promise x And x Reunion.mkv,,,episode,local://23370,,skipped,Hunter x Hunter – Season 2 – Episode 28
media directory does not exist,0,F:\MediaStack\data\media\tv\Hunter x Hunter (2011)\Season 02\Hunter x Hunter (2011) - S02E29 - Duel x And x Escape.mkv,,,episode,local://23371,,skipped,Hunter x Hunter – Season 2 – Episode 29
media directory does not exist,0,"F:\MediaStack\data\media\tv\Hunter x Hunter (2011)\Season 02\Hunter x Hunter (2011) - S02E30 - Rock, Paper, Scissors x And x Weakness.mkv",,,episode,local://23372,,skipped,Hunter x Hunter – Season 2 – Episode 30
media directory does not exist,0,F:\MediaStack\data\media\tv\Hunter x Hunter (2011)\Season 02\Hunter x Hunter (2011) - S02E31 - Compassion x And x Strength.mkv,,,episode,local://23373,,skipped,Hunter x Hunter – Season 2 – Episode 31
media directory does not exist,0,F:\MediaStack\data\media\tv\Hunter x Hunter (2011)\Season 02\Hunter x Hunter (2011) - S02E32 - Interest x And x Curse.mkv,,,episode,local://23374,,skipped,Hunter x Hunter – Season 2 – Episode 32
media directory does not exist,0,F:\MediaStack\data\media\tv\Hunter x Hunter (2011)\Season 02\Hunter x Hunter (2011) - S02E33 - The Strong x And x The Weak.mkv,,,episode,local://23375,,skipped,Hunter x Hunter – Season 2 – Episode 33
media directory does not exist,0,F:\MediaStack\data\media\tv\Hunter x Hunter (2011)\Season 02\Hunter x Hunter (2011) - S02E34 - One Wish x And x Two Promises.mkv,,,episode,local://23376,,skipped,Hunter x Hunter – Season 2 – Episode 34
media directory does not exist,0,F:\MediaStack\data\media\tv\Hunter x Hunter (2011)\Season 02\Hunter x Hunter (2011) - S02E35 - Date x With x Palm.mkv,,,episode,local://23377,,skipped,Hunter x Hunter – Season 2 – Episode 35
media directory does not exist,0,F:\MediaStack\data\media\tv\Hunter x Hunter (2011)\Season 02\Hunter x Hunter (2011) - S02E36 - Friend x And x Journey.mkv,,,episode,local://23378,,skipped,Hunter x Hunter – Season 2 – Episode 36
media directory does not exist,0,F:\MediaStack\data\media\tv\Hunter x Hunter (2011)\Season 02\Hunter x Hunter (2011) - S02E37 - Grudge x And x Dread.mkv,,,episode,local://23379,,skipped,Hunter x Hunter – Season 2 – Episode 37
media directory does not exist,0,F:\MediaStack\data\media\tv\Hunter x Hunter (2011)\Season 02\Hunter x Hunter (2011) - S02E38 - A x Lawless x Home.mkv,,,episode,local://23380,,skipped,Hunter x Hunter – Season 2 – Episode 38
media directory does not exist,0,F:\MediaStack\data\media\tv\Hunter x Hunter (2011)\Season 01\Hunter x Hunter (2011) - S01E56 - Beloved x And x Beleaguered.mkv,,,episode,imdb://tt3055146,,skipped,Hunter x Hunter – Season 1 – Beloved x And x Beleaguered
media directory does not exist,0,F:\MediaStack\data\media\tv\Hunter x Hunter (2011)\Season 01\Hunter x Hunter (2011) - S01E57 - Initiative x And x Law.mkv,,,episode,imdb://tt3055150,,skipped,Hunter x Hunter – Season 1 – Initiative x And x Law
media directory does not exist,0,F:\MediaStack\data\media\tv\Hunter x Hunter (2011)\Season 01\Hunter x Hunter (2011) - S01E58 - Signal x To x Retreat.mkv,,,episode,imdb://tt3055152,,skipped,Hunter x Hunter – Season 1 – Signal x To x Retreat
media directory does not exist,0,F:\MediaStack\data\media\tv\Hunter x Hunter (2011)\Season 02\Hunter x Hunter (2011) - S02E01 - Bid x And x Haste.mkv,,,episode,local://23343,,skipped,Hunter x Hunter – Season 2 – Episode 1
media directory does not exist,0,F:\MediaStack\data\media\tv\Hunter x Hunter (2011)\Season 02\Hunter x Hunter (2011) - S02E02 - End x And x Beginning.mkv,,,episode,local://23344,,skipped,Hunter x Hunter – Season 2 – Episode 2
media directory does not exist,0,F:\MediaStack\data\media\tv\Hunter x Hunter (2011)\Season 02\Hunter x Hunter (2011) - S02E03 - Invitation x And x Friend.mkv,,,episode,local://23345,,skipped,Hunter x Hunter – Season 2 – Episode 3
media directory does not exist,0,F:\MediaStack\data\media\tv\Hunter x Hunter (2011)\Season 02\Hunter x Hunter (2011) - S02E04 - Reality x And x Raw.mkv,,,episode,local://23346,,skipped,Hunter x Hunter – Season 2 – Episode 4
media directory does not exist,0,F:\MediaStack\data\media\tv\Hunter x Hunter (2011)\Season 02\Hunter x Hunter (2011) - S02E05 - A x Hard x Master.mkv,,,episode,local://23347,,skipped,Hunter x Hunter – Season 2 – Episode 5
media directory does not exist,0,F:\MediaStack\data\media\tv\Hunter x Hunter (2011)\Season 02\Hunter x Hunter (2011) - S02E06 - Strengthen x And x Threaten.mkv,,,episode,local://23348,,skipped,Hunter x Hunter – Season 2 – Episode 6
media directory does not exist,0,"F:\MediaStack\data\media\tv\Hunter x Hunter (2011)\Season 02\Hunter x Hunter (2011) - S02E07 - Evil Fist x And x Rock, Paper, Scissors.mkv",,,episode,local://23349,,skipped,Hunter x Hunter – Season 2 – Episode 7
media directory does not exist,0,F:\MediaStack\data\media\tv\Hunter x Hunter (2011)\Season 02\Hunter x Hunter (2011) - S02E08 - Strategy x And x Scheme.mkv,,,episode,local://23350,,skipped,Hunter x Hunter – Season 2 – Episode 8
media directory does not exist,0,F:\MediaStack\data\media\tv\Hunter x Hunter (2011)\Season 02\Hunter x Hunter (2011) - S02E09 - 15 x 15.mkv,,,episode,local://23351,,skipped,Hunter x Hunter – Season 2 – Episode 9
media directory does not exist,0,F:\MediaStack\data\media\tv\Hunter x Hunter (2011)\Season 01\Hunter x Hunter (2011) - S01E27 - Arrival x At x The Arena.mkv,,,episode,imdb://tt2506424,,skipped,Hunter x Hunter – Season 1 – Arrival x At The x Arena!
media directory does not exist,0,F:\MediaStack\data\media\tv\Hunter x Hunter (2011)\Season 01\Hunter x Hunter (2011) - S01E28 - Nen x and x Nen.mkv,,,episode,imdb://tt2506428,,skipped,"Hunter x Hunter – Season 1 – Nen x And x ""Nen"""
media directory does not exist,0,F:\MediaStack\data\media\tv\Hunter x Hunter (2011)\Season 01\Hunter x Hunter (2011) - S01E29 - Awakening x And x Potential.mkv,,,episode,imdb://tt2506430,,skipped,Hunter x Hunter – Season 1 – Awakening x And x Potential!
media directory does not exist,0,F:\MediaStack\data\media\tv\Hunter x Hunter (2011)\Season 01\Hunter x Hunter (2011) - S01E30 - Fierce x and x Ferocious.mkv,,,episode,imdb://tt2506432,,skipped,Hunter x Hunter – Season 1 – Fierce x and x Ferocious
media directory does not exist,0,F:\MediaStack\data\media\tv\Hunter x Hunter (2011)\Season 01\Hunter x Hunter (2011) - S01E31 - Destiny x and x Tenacity.mkv,,,episode,imdb://tt2677550,,skipped,Hunter x Hunter – Season 1 – Destiny x and x Tenacity!
media directory does not exist,0,F:\MediaStack\data\media\tv\Hunter x Hunter (2011)\Season 01\Hunter x Hunter (2011) - S01E32 - A x Surprising x Win.mkv,,,episode,imdb://tt2677554,,skipped,Hunter x Hunter – Season 1 – A x Surprising x Win
media directory does not exist,0,F:\MediaStack\data\media\tv\Hunter x Hunter (2011)\Season 01\Hunter x Hunter (2011) - S01E33 - An x Empty x Threat.mkv,,,episode,imdb://tt2677558,,skipped,Hunter x Hunter – Season 1 – An x Empty x Threat!
media directory does not exist,0,F:\MediaStack\data\media\tv\Hunter x Hunter (2011)\Season 01\Hunter x Hunter (2011) - S01E34 - Power x To x Avenge.mkv,,,episode,imdb://tt2677562,,skipped,Hunter x Hunter – Season 1 – Power x To x Avenge!
media directory does not exist,0,F:\MediaStack\data\media\tv\Hunter x Hunter (2011)\Season 01\Hunter x Hunter (2011) - S01E35 - The x True x Pass.mkv,,,episode,imdb://tt2677566,,skipped,Hunter x Hunter – Season 1 – The x True x Pass
media directory does not exist,0,F:\MediaStack\data\media\tv\Hunter x Hunter (2011)\Season 01\Hunter x Hunter (2011) - S01E36 - A Big Debt x And x A Small Kick.mkv,,,episode,imdb://tt2677570,,skipped,Hunter x Hunter – Season 1 – A Big Debt x And x A Small Kick!
media directory does not exist,0,F:\MediaStack\data\media\tv\Hunter x Hunter (2011)\Season 01\Hunter x Hunter (2011) - S01E37 - Ging x And x Gon.mkv,,,episode,imdb://tt2856262,,skipped,Hunter x Hunter – Season 1 – Ging x And x Gon!
media directory does not exist,0,F:\MediaStack\data\media\tv\Hunter x Hunter (2011)\Season 01\Hunter x Hunter (2011) - S01E38 - Reply x From x Dad.mkv,,,episode,imdb://tt2856270,,skipped,Hunter x Hunter – Season 1 – Reply x From x Dad!
media directory does not exist,0,F:\MediaStack\data\media\tv\Hunter x Hunter (2011)\Season 01\Hunter x Hunter (2011) - S01E39 - Wish x And x Promise.mkv,,,episode,imdb://tt3068244,,skipped,Hunter x Hunter – Season 1 – Wish x And x Promise!
media directory does not exist,0,F:\MediaStack\data\media\tv\Hunter x Hunter (2011)\Season 01\Hunter x Hunter (2011) - S01E40 - Nen x Users x Unite.mkv,,,episode,imdb://tt3068264,,skipped,Hunter x Hunter – Season 1 – Nen x Users x Unite?
media directory does not exist,0,F:\MediaStack\data\media\tv\Hunter x Hunter (2011)\Season 01\Hunter x Hunter (2011) - S01E41 - Gathering x Of x Heroes.mkv,,,episode,imdb://tt3068248,,skipped,Hunter x Hunter – Season 1 – Gathering x Of x Heroes!
media directory does not exist,0,F:\MediaStack\data\media\tv\Hunter x Hunter (2011)\Season 01\Hunter x Hunter (2011) - S01E42 - Defend x and x Attack.mkv,,,episode,imdb://tt3068236,,skipped,Hunter x Hunter – Season 1 – Defend x and x Attack!
media directory does not exist,0,F:\MediaStack\data\media\tv\Hunter x Hunter (2011)\Season 01\Hunter x Hunter (2011) - S01E43 - A x Shocking x Tragedy.mkv,,,episode,imdb://tt3068282,,skipped,Hunter x Hunter – Season 1 – A x Shocking x Tragedy!
media directory does not exist,0,F:\MediaStack\data\media\tv\Hunter x Hunter (2011)\Season 01\Hunter x Hunter (2011) - S01E44 - Buildup x To A x Fierce Battle.mkv,,,episode,imdb://tt3344590,,skipped,Hunter x Hunter – Season 1 – Buildup x To A x Fierce Battle
media directory does not exist,0,F:\MediaStack\data\media\tv\Hunter x Hunter (2011)\Season 01\Hunter x Hunter (2011) - S01E45 - Restraint x And x Vow.mkv,,,episode,imdb://tt3344592,,skipped,Hunter x Hunter – Season 1 – Restraint x And x Vow
media directory does not exist,0,F:\MediaStack\data\media\tv\Hunter x Hunter (2011)\Season 01\Hunter x Hunter (2011) - S01E46 - Chasing x and x Waiting.mkv,,,episode,imdb://tt3344598,,skipped,Hunter x Hunter – Season 1 – Chasing x and x Waiting
media directory does not exist,0,F:\MediaStack\data\media\tv\Hunter x Hunter (2011)\Season 01\Hunter x Hunter (2011) - S01E47 - Condition x and x Condition.mkv,,,episode,imdb://tt2414266,,skipped,Hunter x Hunter – Season 1 – Condition x and x Condition
media directory does not exist,0,F:\MediaStack\data\media\tv\Hunter x Hunter (2011)\Season 01\Hunter x Hunter (2011) - S01E48 - Very x Sharp x Eye.mkv,,,episode,imdb://tt2414252,,skipped,Hunter x Hunter – Season 1 – Very x Sharp x Eye
media directory does not exist,0,F:\MediaStack\data\media\tv\Hunter x Hunter (2011)\Season 01\Hunter x Hunter (2011) - S01E49 - Pursuit x and x Analysis.mkv,,,episode,imdb://tt2414256,,skipped,Hunter x Hunter – Season 1 – Pursuit x and x Analysis
media directory does not exist,0,F:\MediaStack\data\media\tv\Hunter x Hunter (2011)\Season 01\Hunter x Hunter (2011) - S01E50 - Ally x and x Sword.mkv,,,episode,imdb://tt2859310,,skipped,Hunter x Hunter – Season 1 – Ally x and x Sword
media directory does not exist,0,F:\MediaStack\data\media\tv\Hunter x Hunter (2011)\Season 01\Hunter x Hunter (2011) - S01E51 - A x Brutal x Battlefield.mkv,,,episode,imdb://tt3055130,,skipped,Hunter x Hunter – Season 1 – A x Brutal x Battlefield
media directory does not exist,0,F:\MediaStack\data\media\tv\Hunter x Hunter (2011)\Season 01\Hunter x Hunter (2011) - S01E52 - Assault x And x Impact.mkv,,,episode,imdb://tt3055128,,skipped,Hunter x Hunter – Season 1 – Assault x And x Impact
media directory does not exist,0,F:\MediaStack\data\media\tv\Hunter x Hunter (2011)\Season 01\Hunter x Hunter (2011) - S01E53 - Fake x And x Psyche.mkv,,,episode,imdb://tt3055136,,skipped,Hunter x Hunter – Season 1 – Fake x And x Psyche
media directory does not exist,0,F:\MediaStack\data\media\tv\Hunter x Hunter (2011)\Season 01\Hunter x Hunter (2011) - S01E54 - Fortunes x Aren't x Right.mkv,,,episode,imdb://tt3055138,,skipped,Hunter x Hunter – Season 1 – Fortunes x Aren't x Right?
media directory does not exist,0,F:\MediaStack\data\media\tv\Hunter x Hunter (2011)\Season 01\Hunter x Hunter (2011) - S01E55 - Allies x And x Lies.mkv,,,episode,imdb://tt3055144,,skipped,Hunter x Hunter – Season 1 – Allies x And x Lies
media directory does not exist,0,F:\MediaStack\data\media\tv\House of Cards (US)\Season 06\House of Cards (US) - S06E08 - Chapter 73.mkv,,,episode,imdb://tt7576210,,skipped,House of Cards (US) – Season 6 – Chapter 73
media directory does not exist,0,F:\MediaStack\data\media\tv\Hunter x Hunter (2011)\Season 01\Hunter x Hunter (2011) - S01E01 - Departure x And x Friends.mkv,,,episode,imdb://tt2103560,,skipped,Hunter x Hunter – Season 1 – Departure x And x Friends
media directory does not exist,0,F:\MediaStack\data\media\tv\Hunter x Hunter (2011)\Season 01\Hunter x Hunter (2011) - S01E02 - Test x Of x Tests.mkv,,,episode,imdb://tt2103563,,skipped,Hunter x Hunter – Season 1 – Test x Of x Tests
media directory does not exist,0,F:\MediaStack\data\media\tv\Hunter x Hunter (2011)\Season 01\Hunter x Hunter (2011) - S01E03 - Rivals x In x Survival.mkv,,,episode,imdb://tt2103562,,skipped,Hunter x Hunter – Season 1 – Rivals x For x Survival
media directory does not exist,0,F:\MediaStack\data\media\tv\Hunter x Hunter (2011)\Season 01\Hunter x Hunter (2011) - S01E04 - Hope x And x Ambition.mkv,,,episode,imdb://tt2103561,,skipped,Hunter x Hunter – Season 1 – Hope x And x Ambition
media directory does not exist,0,F:\MediaStack\data\media\tv\Hunter x Hunter (2011)\Season 01\Hunter x Hunter (2011) - S01E05 - Hisoka x Is x Sneaky.mkv,,,episode,imdb://tt2108770,,skipped,Hunter x Hunter – Season 1 – Hisoka x Is x Sneaky
media directory does not exist,0,F:\MediaStack\data\media\tv\Hunter x Hunter (2011)\Season 01\Hunter x Hunter (2011) - S01E06 - A x Surprising x Challenge.mkv,,,episode,imdb://tt2108769,,skipped,Hunter x Hunter – Season 1 – A x Surprising x Challenge
media directory does not exist,0,F:\MediaStack\data\media\tv\Hunter x Hunter (2011)\Season 01\Hunter x Hunter (2011) - S01E07 - Showdown x On x The Airship.mkv,,,episode,imdb://tt2112540,,skipped,Hunter x Hunter – Season 1 – Showdown x On The x Airship
media directory does not exist,0,F:\MediaStack\data\media\tv\Hunter x Hunter (2011)\Season 01\Hunter x Hunter (2011) - S01E08 - Decision x By x Majority Rule.mkv,,,episode,imdb://tt2118257,,skipped,Hunter x Hunter – Season 1 – Decision x By x Majority?
media directory does not exist,0,F:\MediaStack\data\media\tv\Hunter x Hunter (2011)\Season 01\Hunter x Hunter (2011) - S01E09 - Beware x Of x Prisoners.mkv,,,episode,imdb://tt2127859,,skipped,Hunter x Hunter – Season 1 – Beware x Of x Prisoners
media directory does not exist,0,F:\MediaStack\data\media\tv\Hunter x Hunter (2011)\Season 01\Hunter x Hunter (2011) - S01E10 - Trick x To x The Trick.mkv,,,episode,imdb://tt2130736,,skipped,Hunter x Hunter – Season 1 – Trick x To The x Trick
media directory does not exist,0,F:\MediaStack\data\media\tv\Hunter x Hunter (2011)\Season 01\Hunter x Hunter (2011) - S01E11 - Trouble x With x The Gamble.mkv,,,episode,imdb://tt2135334,,skipped,Hunter x Hunter – Season 1 – Trouble x With The x Gamble
media directory does not exist,0,F:\MediaStack\data\media\tv\Hunter x Hunter (2011)\Season 01\Hunter x Hunter (2011) - S01E12 - Last x Test x Of Resolve.mkv,,,episode,imdb://tt2144725,,skipped,Hunter x Hunter – Season 1 – Last x Test Of x Resolve!
media directory does not exist,0,F:\MediaStack\data\media\tv\Hunter x Hunter (2011)\Season 01\Hunter x Hunter (2011) - S01E13 - Letter x From x Gon.mkv,,,episode,imdb://tt2203788,,skipped,Hunter x Hunter – Season 1 – Letter x From x Gon
media directory does not exist,0,F:\MediaStack\data\media\tv\Hunter x Hunter (2011)\Season 01\Hunter x Hunter (2011) - S01E14 - Hit x the x Target.mkv,,,episode,imdb://tt2203792,,skipped,Hunter x Hunter – Season 1 – Hit x The x Target
media directory does not exist,0,F:\MediaStack\data\media\tv\Hunter x Hunter (2011)\Season 01\Hunter x Hunter (2011) - S01E15 - Explosion x Of x Deception.mkv,,,episode,imdb://tt2203798,,skipped,Hunter x Hunter – Season 1 – Explosion x Of x Deception!
media directory does not exist,0,F:\MediaStack\data\media\tv\Hunter x Hunter (2011)\Season 01\Hunter x Hunter (2011) - S01E16 - Defeat x And x Disgrace.mkv,,,episode,imdb://tt2352006,,skipped,Hunter x Hunter – Season 1 – Defeat x And x Disgrace
media directory does not exist,0,F:\MediaStack\data\media\tv\Hunter x Hunter (2011)\Season 01\Hunter x Hunter (2011) - S01E17 - Trap x In x The Hole.mkv,,,episode,imdb://tt2352008,,skipped,Hunter x Hunter – Season 1 – Trap x In The x Hole
media directory does not exist,0,F:\MediaStack\data\media\tv\Hunter x Hunter (2011)\Season 01\Hunter x Hunter (2011) - S01E18 - Big x Time x Interview.mkv,,,episode,imdb://tt2352012,,skipped,Hunter x Hunter – Season 1 – Big x Time x Interview
media directory does not exist,0,F:\MediaStack\data\media\tv\Hunter x Hunter (2011)\Season 01\Hunter x Hunter (2011) - S01E19 - Can't Win x and x Can't Lose.mkv,,,episode,imdb://tt2352014,,skipped,Hunter x Hunter – Season 1 – Can't Win x and x Can't Lose
media directory does not exist,0,F:\MediaStack\data\media\tv\Hunter x Hunter (2011)\Season 01\Hunter x Hunter (2011) - S01E20 - Baffling Turn x Of x Events.mkv,,,episode,imdb://tt2352016,,skipped,Hunter x Hunter – Season 1 – Baffling x Turn of x Events
media directory does not exist,0,F:\MediaStack\data\media\tv\Hunter x Hunter (2011)\Season 01\Hunter x Hunter (2011) - S01E21 - Some x Brother x Trouble.mkv,,,episode,imdb://tt2352020,,skipped,Hunter x Hunter – Season 1 – Some x Brother x Trouble
media directory does not exist,0,F:\MediaStack\data\media\tv\Hunter x Hunter (2011)\Season 01\Hunter x Hunter (2011) - S01E22 - A x Dangerous x Watchdog.mkv,,,episode,imdb://tt2439680,,skipped,Hunter x Hunter – Season 1 – A x Dangerous x Watchdog
media directory does not exist,0,F:\MediaStack\data\media\tv\Hunter x Hunter (2011)\Season 01\Hunter x Hunter (2011) - S01E23 - The x Guard's x Duty.mkv,,,episode,imdb://tt2439682,,skipped,Hunter x Hunter – Season 1 – The x Guard's x Duty!
media directory does not exist,0,F:\MediaStack\data\media\tv\Hunter x Hunter (2011)\Season 01\Hunter x Hunter (2011) - S01E24 - The x Zoldyck x Family.mkv,,,episode,imdb://tt2439684,,skipped,Hunter x Hunter – Season 1 – The x Zoldyck x Family!
media directory does not exist,0,F:\MediaStack\data\media\tv\Hunter x Hunter (2011)\Season 01\Hunter x Hunter (2011) - S01E25 - Can't See x if x You're Blind.mkv,,,episode,imdb://tt2506420,,skipped,Hunter x Hunter – Season 1 – Can't See x if x You're x Blind!
media directory does not exist,0,F:\MediaStack\data\media\tv\Hunter x Hunter (2011)\Season 01\Hunter x Hunter (2011) - S01E26 - Then x And x After.mkv,,,episode,imdb://tt2506422,,skipped,Hunter x Hunter – Season 1 – Then × And × After
media directory does not exist,0,F:\MediaStack\data\media\tv\House of Cards (US)\Season 04\House of Cards (US) - S04E09 - Chapter 48.mkv,,,episode,imdb://tt5083704,,skipped,House of Cards (US) – Season 4 – Chapter 48
media directory does not exist,0,F:\MediaStack\data\media\tv\House of Cards (US)\Season 04\House of Cards (US) - S04E10 - Chapter 49.mkv,,,episode,imdb://tt5095730,,skipped,House of Cards (US) – Season 4 – Chapter 49
media directory does not exist,0,F:\MediaStack\data\media\tv\House of Cards (US)\Season 04\House of Cards (US) - S04E11 - Chapter 50.mkv,,,episode,imdb://tt5095732,,skipped,House of Cards (US) – Season 4 – Chapter 50
media directory does not exist,0,F:\MediaStack\data\media\tv\House of Cards (US)\Season 04\House of Cards (US) - S04E12 - Chapter 51.mkv,,,episode,imdb://tt5095742,,skipped,House of Cards (US) – Season 4 – Chapter 51
media directory does not exist,0,F:\MediaStack\data\media\tv\House of Cards (US)\Season 04\House of Cards (US) - S04E13 - Chapter 52.mkv,,,episode,imdb://tt5095748,,skipped,House of Cards (US) – Season 4 – Chapter 52
media directory does not exist,0,F:\MediaStack\data\media\tv\House of Cards (US)\Season 05\House of Cards (US) - S05E01 - Chapter 53.mkv,,,episode,imdb://tt5419058,,skipped,House of Cards (US) – Season 5 – Chapter 53
media directory does not exist,0,F:\MediaStack\data\media\tv\House of Cards (US)\Season 05\House of Cards (US) - S05E02 - Chapter 54.mkv,,,episode,imdb://tt5965956,,skipped,House of Cards (US) – Season 5 – Chapter 54
media directory does not exist,0,F:\MediaStack\data\media\tv\House of Cards (US)\Season 05\House of Cards (US) - S05E03 - Chapter 55.mkv,,,episode,imdb://tt6010608,,skipped,House of Cards (US) – Season 5 – Chapter 55
media directory does not exist,0,F:\MediaStack\data\media\tv\House of Cards (US)\Season 05\House of Cards (US) - S05E04 - Chapter 56.mkv,,,episode,imdb://tt6059620,,skipped,House of Cards (US) – Season 5 – Chapter 56
media directory does not exist,0,F:\MediaStack\data\media\tv\House of Cards (US)\Season 05\House of Cards (US) - S05E05 - Chapter 57.mkv,,,episode,imdb://tt6110792,,skipped,House of Cards (US) – Season 5 – Chapter 57
media directory does not exist,0,F:\MediaStack\data\media\tv\House of Cards (US)\Season 05\House of Cards (US) - S05E06 - Chapter 58.mkv,,,episode,imdb://tt6411836,,skipped,House of Cards (US) – Season 5 – Chapter 58
media directory does not exist,0,F:\MediaStack\data\media\tv\House of Cards (US)\Season 05\House of Cards (US) - S05E07 - Chapter 59.mkv,,,episode,imdb://tt6411844,,skipped,House of Cards (US) – Season 5 – Chapter 59
media directory does not exist,0,F:\MediaStack\data\media\tv\House of Cards (US)\Season 05\House of Cards (US) - S05E08 - Chapter 60.mkv,,,episode,imdb://tt6411838,,skipped,House of Cards (US) – Season 5 – Chapter 60
media directory does not exist,0,F:\MediaStack\data\media\tv\House of Cards (US)\Season 05\House of Cards (US) - S05E09 - Chapter 61.mkv,,,episode,imdb://tt6411842,,skipped,House of Cards (US) – Season 5 – Chapter 61
media directory does not exist,0,F:\MediaStack\data\media\tv\House of Cards (US)\Season 05\House of Cards (US) - S05E10 - Chapter 62.mkv,,,episode,imdb://tt6411846,,skipped,House of Cards (US) – Season 5 – Chapter 62
media directory does not exist,0,F:\MediaStack\data\media\tv\House of Cards (US)\Season 05\House of Cards (US) - S05E11 - Chapter 63.mkv,,,episode,imdb://tt6411854,,skipped,House of Cards (US) – Season 5 – Chapter 63
media directory does not exist,0,F:\MediaStack\data\media\tv\House of Cards (US)\Season 05\House of Cards (US) - S05E12 - Chapter 64.mkv,,,episode,imdb://tt6411858,,skipped,House of Cards (US) – Season 5 – Chapter 64
media directory does not exist,0,F:\MediaStack\data\media\tv\House of Cards (US)\Season 05\House of Cards (US) - S05E13 - Chapter 65.mkv,,,episode,imdb://tt6411862,,skipped,House of Cards (US) – Season 5 – Chapter 65
media directory does not exist,0,F:\MediaStack\data\media\tv\House of Cards (US)\Season 06\House of Cards (US) - S06E01 - Chapter 66.mkv,,,episode,imdb://tt7538918,,skipped,House of Cards (US) – Season 6 – Chapter 66
media directory does not exist,0,F:\MediaStack\data\media\tv\House of Cards (US)\Season 06\House of Cards (US) - S06E02 - Chapter 67.mkv,,,episode,imdb://tt7576192,,skipped,House of Cards (US) – Season 6 – Chapter 67
media directory does not exist,0,F:\MediaStack\data\media\tv\House of Cards (US)\Season 06\House of Cards (US) - S06E03 - Chapter 68.mkv,,,episode,imdb://tt7576194,,skipped,House of Cards (US) – Season 6 – Chapter 68
media directory does not exist,0,F:\MediaStack\data\media\tv\House of Cards (US)\Season 06\House of Cards (US) - S06E04 - Chapter 69.mkv,,,episode,imdb://tt7576196,,skipped,House of Cards (US) – Season 6 – Chapter 69
media directory does not exist,0,F:\MediaStack\data\media\tv\House of Cards (US)\Season 06\House of Cards (US) - S06E05 - Chapter 70.mkv,,,episode,imdb://tt7576198,,skipped,House of Cards (US) – Season 6 – Chapter 70
media directory does not exist,0,F:\MediaStack\data\media\tv\House of Cards (US)\Season 06\House of Cards (US) - S06E06 - Chapter 71.mkv,,,episode,imdb://tt7576200,,skipped,House of Cards (US) – Season 6 – Chapter 71
media directory does not exist,0,F:\MediaStack\data\media\tv\House of Cards (US)\Season 06\House of Cards (US) - S06E07 - Chapter 72.mkv,,,episode,imdb://tt7576206,,skipped,House of Cards (US) – Season 6 – Chapter 72
media directory does not exist,0,F:\MediaStack\data\media\tv\House of Cards (US)\Season 03\House of Cards (US) - S03E01 - Chapter 27.mkv,,,episode,imdb://tt3513862,,skipped,House of Cards (US) – Season 3 – Chapter 27
media directory does not exist,0,F:\MediaStack\data\media\tv\House of Cards (US)\Season 03\House of Cards (US) - S03E02 - Chapter 28.mkv,,,episode,imdb://tt3892086,,skipped,House of Cards (US) – Season 3 – Chapter 28
media directory does not exist,0,F:\MediaStack\data\media\tv\House of Cards (US)\Season 03\House of Cards (US) - S03E03 - Chapter 29.mkv,,,episode,imdb://tt3892088,,skipped,House of Cards (US) – Season 3 – Chapter 29
media directory does not exist,0,F:\MediaStack\data\media\tv\House of Cards (US)\Season 03\House of Cards (US) - S03E04 - Chapter 30.mkv,,,episode,imdb://tt3892094,,skipped,House of Cards (US) – Season 3 – Chapter 30
media directory does not exist,0,F:\MediaStack\data\media\tv\House of Cards (US)\Season 03\House of Cards (US) - S03E05 - Chapter 31.mkv,,,episode,imdb://tt3897442,,skipped,House of Cards (US) – Season 3 – Chapter 31
media directory does not exist,0,F:\MediaStack\data\media\tv\House of Cards (US)\Season 03\House of Cards (US) - S03E06 - Chapter 32.mkv,,,episode,imdb://tt3897454,,skipped,House of Cards (US) – Season 3 – Chapter 32
media directory does not exist,0,F:\MediaStack\data\media\tv\House of Cards (US)\Season 03\House of Cards (US) - S03E07 - Chapter 33.mkv,,,episode,imdb://tt3918768,,skipped,House of Cards (US) – Season 3 – Chapter 33
media directory does not exist,0,F:\MediaStack\data\media\tv\House of Cards (US)\Season 03\House of Cards (US) - S03E08 - Chapter 34.mkv,,,episode,imdb://tt4083028,,skipped,House of Cards (US) – Season 3 – Chapter 34
media directory does not exist,0,F:\MediaStack\data\media\tv\House of Cards (US)\Season 03\House of Cards (US) - S03E09 - Chapter 35.mkv,,,episode,imdb://tt4035250,,skipped,House of Cards (US) – Season 3 – Chapter 35
media directory does not exist,0,F:\MediaStack\data\media\tv\House of Cards (US)\Season 03\House of Cards (US) - S03E10 - Chapter 36.mkv,,,episode,imdb://tt4128566,,skipped,House of Cards (US) – Season 3 – Chapter 36
media directory does not exist,0,F:\MediaStack\data\media\tv\House of Cards (US)\Season 03\House of Cards (US) - S03E11 - Chapter 37.mkv,,,episode,imdb://tt4128572,,skipped,House of Cards (US) – Season 3 – Chapter 37
media directory does not exist,0,F:\MediaStack\data\media\tv\House of Cards (US)\Season 03\House of Cards (US) - S03E12 - Chapter 38.mkv,,,episode,imdb://tt4128574,,skipped,House of Cards (US) – Season 3 – Chapter 38
media directory does not exist,0,F:\MediaStack\data\media\tv\House of Cards (US)\Season 03\House of Cards (US) - S03E13 - Chapter 39.mkv,,,episode,imdb://tt4221826,,skipped,House of Cards (US) – Season 3 – Chapter 39
media directory does not exist,0,F:\MediaStack\data\media\tv\House of Cards (US)\Season 04\House of Cards (US) - S04E01 - Chapter 40.mkv,,,episode,imdb://tt4498368,,skipped,House of Cards (US) – Season 4 – Chapter 40
media directory does not exist,0,F:\MediaStack\data\media\tv\House of Cards (US)\Season 04\House of Cards (US) - S04E02 - Chapter 41.mkv,,,episode,imdb://tt4817660,,skipped,House of Cards (US) – Season 4 – Chapter 41
media directory does not exist,0,F:\MediaStack\data\media\tv\House of Cards (US)\Season 04\House of Cards (US) - S04E03 - Chapter 42.mkv,,,episode,imdb://tt4817664,,skipped,House of Cards (US) – Season 4 – Chapter 42
media directory does not exist,0,F:\MediaStack\data\media\tv\House of Cards (US)\Season 04\House of Cards (US) - S04E04 - Chapter 43.mkv,,,episode,imdb://tt4817670,,skipped,House of Cards (US) – Season 4 – Chapter 43
media directory does not exist,0,F:\MediaStack\data\media\tv\House of Cards (US)\Season 04\House of Cards (US) - S04E05 - Chapter 44.mkv,,,episode,imdb://tt4949018,,skipped,House of Cards (US) – Season 4 – Chapter 44
media directory does not exist,0,F:\MediaStack\data\media\tv\House of Cards (US)\Season 04\House of Cards (US) - S04E06 - Chapter 45.mkv,,,episode,imdb://tt4949028,,skipped,House of Cards (US) – Season 4 – Chapter 45
media directory does not exist,0,F:\MediaStack\data\media\tv\House of Cards (US)\Season 04\House of Cards (US) - S04E07 - Chapter 46.mkv,,,episode,imdb://tt5025272,,skipped,House of Cards (US) – Season 4 – Chapter 46
media directory does not exist,0,F:\MediaStack\data\media\tv\House of Cards (US)\Season 04\House of Cards (US) - S04E08 - Chapter 47.mkv,,,episode,imdb://tt5095720,,skipped,House of Cards (US) – Season 4 – Chapter 47
media directory does not exist,0,F:\MediaStack\data\media\tv\House of Cards (US)\Season 01\House of Cards (US) - S01E02 - Chapter 2.mkv,,,episode,imdb://tt2250466,,skipped,House of Cards (US) – Season 1 – Chapter 2
media directory does not exist,0,F:\MediaStack\data\media\tv\House of Cards (US)\Season 01\House of Cards (US) - S01E03 - Chapter 3.mkv,,,episode,imdb://tt2248444,,skipped,House of Cards (US) – Season 1 – Chapter 3
media directory does not exist,0,F:\MediaStack\data\media\tv\House of Cards (US)\Season 01\House of Cards (US) - S01E04 - Chapter 4.mkv,,,episode,imdb://tt2248422,,skipped,House of Cards (US) – Season 1 – Chapter 4
media directory does not exist,0,F:\MediaStack\data\media\tv\House of Cards (US)\Season 01\House of Cards (US) - S01E05 - Chapter 5.mkv,,,episode,imdb://tt2294870,,skipped,House of Cards (US) – Season 1 – Chapter 5
media directory does not exist,0,F:\MediaStack\data\media\tv\House of Cards (US)\Season 01\House of Cards (US) - S01E06 - Chapter 6.mkv,,,episode,imdb://tt2311910,,skipped,House of Cards (US) – Season 1 – Chapter 6
media directory does not exist,0,F:\MediaStack\data\media\tv\House of Cards (US)\Season 01\House of Cards (US) - S01E07 - Chapter 7.mkv,,,episode,imdb://tt2311926,,skipped,House of Cards (US) – Season 1 – Chapter 7
media directory does not exist,0,F:\MediaStack\data\media\tv\House of Cards (US)\Season 01\House of Cards (US) - S01E08 - Chapter 8.mkv,,,episode,imdb://tt2312714,,skipped,House of Cards (US) – Season 1 – Chapter 8
media directory does not exist,0,F:\MediaStack\data\media\tv\House of Cards (US)\Season 01\House of Cards (US) - S01E09 - Chapter 9.mkv,,,episode,imdb://tt2248426,,skipped,House of Cards (US) – Season 1 – Chapter 9
media directory does not exist,0,F:\MediaStack\data\media\tv\House of Cards (US)\Season 01\House of Cards (US) - S01E10 - Chapter 10.mkv,,,episode,imdb://tt2468204,,skipped,House of Cards (US) – Season 1 – Chapter 10
media directory does not exist,0,F:\MediaStack\data\media\tv\House of Cards (US)\Season 01\House of Cards (US) - S01E11 - Chapter 11.mkv,,,episode,imdb://tt2440660,,skipped,House of Cards (US) – Season 1 – Chapter 11
media directory does not exist,0,F:\MediaStack\data\media\tv\House of Cards (US)\Season 01\House of Cards (US) - S01E12 - Chapter 12.mkv,,,episode,imdb://tt2555986,,skipped,House of Cards (US) – Season 1 – Chapter 12
media directory does not exist,0,F:\MediaStack\data\media\tv\House of Cards (US)\Season 01\House of Cards (US) - S01E13 - Chapter 13.mkv,,,episode,imdb://tt2555988,,skipped,House of Cards (US) – Season 1 – Chapter 13
media directory does not exist,0,F:\MediaStack\data\media\tv\House of Cards (US)\Season 02\House of Cards (US) - S02E01 - Chapter 14.mkv,,,episode,imdb://tt2811510,,skipped,House of Cards (US) – Season 2 – Chapter 14
media directory does not exist,0,F:\MediaStack\data\media\tv\House of Cards (US)\Season 02\House of Cards (US) - S02E02 - Chapter 15.mkv,,,episode,imdb://tt3221190,,skipped,House of Cards (US) – Season 2 – Chapter 15
media directory does not exist,0,F:\MediaStack\data\media\tv\House of Cards (US)\Season 02\House of Cards (US) - S02E03 - Chapter 16.mkv,,,episode,imdb://tt2990016,,skipped,House of Cards (US) – Season 2 – Chapter 16
media directory does not exist,0,F:\MediaStack\data\media\tv\House of Cards (US)\Season 02\House of Cards (US) - S02E04 - Chapter 17.mkv,,,episode,imdb://tt3001906,,skipped,House of Cards (US) – Season 2 – Chapter 17
media directory does not exist,0,F:\MediaStack\data\media\tv\House of Cards (US)\Season 02\House of Cards (US) - S02E05 - Chapter 18.mkv,,,episode,imdb://tt3001926,,skipped,House of Cards (US) – Season 2 – Chapter 18
media directory does not exist,0,F:\MediaStack\data\media\tv\House of Cards (US)\Season 02\House of Cards (US) - S02E06 - Chapter 19.mkv,,,episode,imdb://tt3221232,,skipped,House of Cards (US) – Season 2 – Chapter 19
media directory does not exist,0,F:\MediaStack\data\media\tv\House of Cards (US)\Season 02\House of Cards (US) - S02E07 - Chapter 20.mkv,,,episode,imdb://tt3147682,,skipped,House of Cards (US) – Season 2 – Chapter 20
media directory does not exist,0,F:\MediaStack\data\media\tv\House of Cards (US)\Season 02\House of Cards (US) - S02E08 - Chapter 21.mkv,,,episode,imdb://tt3147690,,skipped,House of Cards (US) – Season 2 – Chapter 21
media directory does not exist,0,F:\MediaStack\data\media\tv\House of Cards (US)\Season 02\House of Cards (US) - S02E09 - Chapter 22.mkv,,,episode,imdb://tt3186026,,skipped,House of Cards (US) – Season 2 – Chapter 22
media directory does not exist,0,F:\MediaStack\data\media\tv\House of Cards (US)\Season 02\House of Cards (US) - S02E10 - Chapter 23.mkv,,,episode,imdb://tt3221270,,skipped,House of Cards (US) – Season 2 – Chapter 23
media directory does not exist,0,F:\MediaStack\data\media\tv\House of Cards (US)\Season 02\House of Cards (US) - S02E11 - Chapter 24.mkv,,,episode,imdb://tt3297502,,skipped,House of Cards (US) – Season 2 – Chapter 24
media directory does not exist,0,F:\MediaStack\data\media\tv\House of Cards (US)\Season 02\House of Cards (US) - S02E12 - Chapter 25.mkv,,,episode,imdb://tt3326204,,skipped,House of Cards (US) – Season 2 – Chapter 25
media directory does not exist,0,F:\MediaStack\data\media\tv\House of Cards (US)\Season 02\House of Cards (US) - S02E13 - Chapter 26.mkv,,,episode,imdb://tt3326208,,skipped,House of Cards (US) – Season 2 – Chapter 26
media directory does not exist,0,F:\MediaStack\data\media\tv\House of Cards (US)\Season 01\House of Cards (US) - S01E01 - Chapter 1.mkv,,,episode,imdb://tt2161930,,skipped,House of Cards (US) – Season 1 – Chapter 1
